通用多语言配置表,,
key|str,str|useless,str
,,
sign,desc,content
"标识","内容描述说明","内容(中文)"
#,,
#游戏公共使用,,
#,,
l_game_tips_1,活动未开启,活动未开启
l_game_tips_2,银币值不足,金币不足
l_game_tips_3,VIP等级不足,VIP等级不足
l_game_tips_4,等级不足,等级不足
l_game_tips_5,奖励已领取,奖励已领取
l_game_tips_6,领取次数上限,领取次数上限
l_game_tips_7,没有奖励可领取,没有奖励可领取
l_game_tips_8,领取成功,领取成功
l_game_tips_9,功能未开启,功能未开启
l_game_tips_10,背包格子不足,背包格子不足
l_game_tips_11,道具不足,道具不足
l_game_tips_12,名字为空,名字不能为空
l_game_tips_13,奖励领取失败,奖励领取失败
l_game_tips_14,背包已满,背包已满无法领取
l_game_tips_15,条件不满足,条件不满足
l_game_tips_16,具体道具不足,{%text}不足
l_game_tips_17,最低银币值,最低金币为{%text}
l_game_tips_18,操作失败,操作失败
l_game_tips_19,刷新操作失败,刷新失败
l_game_tips_20,点券不足,点券不足
l_game_tips_21,银币不足储值提示,当前金币不足|n请前往购买！
l_game_tips_22,银币不足兑换提示,当前金币不足|n请前往兑换！
l_game_tips_23,VIP开启,VIP{%text}开启
l_game_tips_24,等级开启,等级{%text}开启
l_game_tips_25,奖励,奖励
l_game_tips_26,跳转中,跳转中
l_game_tips_27,规则说明,规则说明
l_game_tips_28,图鉴召唤免费倒计时,{%text}后免费
l_game_tips_29,通用获得奖励弹框提示,恭喜获得
l_game_tips_30,公共弹窗标题,通知
l_game_tips_31,VIP解锁,VIP{%text}解锁
l_game_tips_32,子弹不足,子弹不足
l_game_xiuzheng,debug状态下，客户端显示修正值,1：场景池子值：{%text}，2：倒计时：{%text}，3：房间池子值：{%text}，4：玩家修正：{%text}|n5：总消耗：{%text}，6：总奖励：{%text}，7：反弹修正：{%text}，8：BOSS池子：{%text}
l_game_labaxiuzheng,debug状态下，客户端显示修正值,1：拉霸奖池值：{%text}，2：拉霸状态：{%text}，3：奖池人数：{%text}
l_game_scene_rate,场景倍率,×{%text}倍
l_game_service_bubble,客服气泡文本,联系客服领取惊喜奖励！
#,,
#游戏中使用单位,,
#,,
l_game_unit_s,秒倒计时,({%text}秒)
l_game_unit_yuan,游戏货币单位,{%text}美元
l_game_unit_dollar,游戏货币单位,$
l_game_unit_dollar2,游戏货币单位,${%text}
#,,
#游戏通用按钮,,
#,,
l_btn_share,分享,分享
l_btn_receive,领取,领取
l_btn_go,前往,前往
l_btn_challenge,挑战,挑战
l_btn_recharge,储值,储值
l_btn_next_lv,下一层,下一层
l_btn_leave,离开,离开
l_btn_yes,是,是
l_btn_no,否,否
l_btn_cancel,取消,取消
l_btn_ready,准备,准备
l_btn_part_in,参加,参加
l_btn_start,开始,开始
l_btn_refresh,刷新,刷新
l_btn_join,加入,加入
l_btn_ok,确认,确认
l_btn_bag,打开背包,打开背包
l_btn_upgrade,升级,升级
l_btn_use,使用,使用
l_btn_delete,删除,删除
l_btn_wear,穿戴,穿戴
l_btn_exchange,兑换,兑换
l_btn_copy,复制,复制
l_btn_buy,购买,购买
l_btn_match,匹配,匹配
l_btn_cue,提示,提示
l_btn_close,关闭,关闭
l_btn_get,获得,获得
#,,
#UI左上角名称显示,,
#,,
l_ui_name_list,"UI左上角,对应UI的名字,Id对应uiconfig.ts",1_角色|2_背包|3_商城|4_福利大厅|5_夺宝|6_邮件|8_储值|9_设置|10_图鉴|12_金币场|13_boss竞猜|14_怪物详情|15_英雄|16_通行证|21_匹配场|22_赠送|23_彩池|24_无尽对决|26_竞技场|28_拉霸|29_成长作战|33_竞技场
#,,
#副本使用,,
#,,
l_missiom_leave,离开副本提示,是否放弃本次副本？
l_missiom_fail,副本失败提示,很遗憾，本次副本没有获得奖励，是否离开副本吗?
l_missiom_time,副本结束时间（有时限）,副本剩余时间：
l_missiom_next,下一只boss开始时间,BOSS出现时间：
l_missiom_untime,副本结束时间（无时限）,无时间限制
l_missiom_wait,等待离开副本,等待离开副本
l_missiom_wait_next,等待BOSS出现,等待BOSS出现
l_missiom_rank_rate,副本获奖概率,{%text}%
l_missiom_game_cost,本次游戏总消耗,本次游戏总消耗
l_missiom_finish_rank,副本排名,排名：|c102{%text}$c
l_missiom_finish_msg_1,参与奖提示,很遗憾，您没有获得头奖！
l_missiom_finish_msg_2,别人拿到大奖提示,|c102{%text}$c获得了头奖
l_missiom_finish_msg_3,未获得副本奖励提示,BOSS未死亡，无法获得奖励！
l_missiom_finish_msg_4,自己拿到大奖提示,恭喜您获得头奖！
l_missiom_tips_1,当前已在副本中,当前已在副本中
l_missiom_tips_2,副本挑战失败,副本挑战失败
l_missiom_tips_3,世界BOSS挑战尚未开启,世界BOSS挑战尚未开启
l_missiom_tips_4,世界BOSS挑战已结束,世界BOSS挑战已结束
l_missiom_tips_5,挑战次数不足,挑战次数不足
l_missiom_tips_6,时间限制,时间限制
l_missiom_tips_7,不满足可挑战条件,不满足可挑战条件
#,,
#服务器获取提示,,
#,,
l_serverList_current,最近登录,最近登录
l_serverList_tips_1,服务器获取列表失败,服务器获取列表失败
#,,
#创角系统,,
#,,
l_createRole_tishi,创角页面提示语,留下你的昵称
l_createRole_sex,性别,性别：
l_createRole_tips_1,名字被使用,名字被使用
l_createRole_tips_2,非法字符串,非法字符串
l_createRole_tips_3,名字过长,名字过长
l_createRole_tips_4,未知,未知
l_createRole_tips_5,名字不能为空,名字不能为空
l_createRole_tips_6,创角成功,创角成功
l_createRole_tips_7,创角失败,创角失败
l_createRole_tips_8,没有权限修改，已修改过一次,没有权限修改，已修改过一次
l_createRole_tips_9,恭喜创角成功，现在请开启你新的旅程吧！,恭喜创角成功，现在请开启你新的旅程吧！
#,,
#登录系统,,
#,,
l_login_id,账号：,账号：
l_login_password,密码：,密码：
l_login_version,版本号,v{%text}
l_login_resVersion,版本号res,res {%text}
l_login_start,请点击开始游戏.,请点击开始游戏.
l_login_gonggao,暂无公告。,暂无公告。
l_login_gonggao_title,更新内容,更新内容
l_login_gonggao_dear,亲爱的玩家：,亲爱的玩家：
l_login_tips_1,服务器忙，请重试,服务器忙，请重试
l_login_tips_2,您的账号在别处登录。,您的账号在别处登录。
l_login_tips_3,服务器维护,服务器维护
l_login_tips_4,涉嫌外挂,涉嫌外挂
l_login_tips_5,管理员踢出,管理员踢出
l_login_tips_6,帐号被封,帐号被封
l_login_tips_7,防沉迷,防沉迷
l_login_tips_8,您已断线，是否重新连接?,您已断线，是否重新连接?
l_login_mTips_1,禁止登录,禁止登录
l_login_mTips_2,验证失败,验证失败
l_login_mTips_3,密钥过期,密钥过期
l_login_mTips_4,帐号不存在,帐号不存在
l_login_weihu,服务器维护中,服务器维护中
l_login_kong,输入账号,请输入账号
#,,
#登录隐私声明和用户协议,,
#,,
l_login_yuedu,说明,我已阅读并同意
l_login_and,和,和
l_login_yinsi,隐私协议,隐私协议
l_login_yonghu,用户说明,用户说明
l_login_tishi,抵制游戏说明,抵制不良游戏 拒绝盗版游戏 注意自我保护 谨防受骗上当 适度游戏益脑 成迷游戏伤身 合理安排游戏 享受健康生活
l_login_select_tishi,未选中用户说明提示,请认真阅读用户说明和隐私协议，并同意
#,,
#游戏设置,,
#,,
l_game_set_id,ID,ID
l_game_set_name,名称,名称
l_game_set_title,声音设置,声音设置
l_game_set_bgm,背景音乐,音乐
l_game_set_sound,游戏音效,音效
l_game_set_playerEff,其他玩家特效,其他玩家特效
l_game_set_push,关闭消息推送,关闭消息推送
l_game_set_low,低,低
l_game_set_high,高,高
l_game_set_on,打开,打开
l_game_set_off,关闭,关闭
l_game_set_show,显示,显示
l_game_set_hide,屏蔽,屏蔽
l_game_set_nameTip,请输入新的名称(最多7个字),请输入新的名称(最多7个字)
l_game_set_cost,改名消耗,消耗：{%text}
l_game_set_firstFree,首次免费,首次免费
l_game_set_prompt_name,昵称,昵称
l_game_set_bindPhone_text,手机绑定：,手机绑定：
l_game_set_bindPhone_no,未绑定,(未绑定)
l_game_set_bindPhone_ok,已绑定,(已绑定)
l_game_set_bindPhone_bind,绑定,绑定
#,,
#背包讯息系统,,
#,,
l_bag_desc,道具描述title,描述
l_bag_desc2,道具描述title,【物品描述】
l_bag_source,道具获取途径title,获取途径：
l_bag_min,道具最小值,最小
l_bag_max,道具最大值,最大
l_bag_item_name,道具名,名称：
l_bag_item_useLv,道具使用等级,使用等级：{%text}
l_bag_item_holdings,道具数量,数量：
l_bag_item_have,拥有数量,拥有数量：
l_bag_item_use_success,物品使用成功,物品使用成功
l_bag_item_use_fail,物品使用失败,物品使用失败
l_bag_item_use_No,使用物品条件不足,使用物品条件不足
l_bag_item_convert_fail,道具转换失败,道具转换失败
l_bag_item_convert_nostu,道具转换所需材料不足,道具转换所需材料不足
l_bag_item_convert_nocell,道具转换所需格子不足,道具转换所需格子不足
l_bag_item_convert_notime,道具转换未在合成时间内,道具转换未在合成时间内
l_bag_item_sell_fail,出售失败,出售失败
l_bag_item_sell,出售,出售
l_bag_item_recovery,回收：,回收：
l_bag_item_transition,时空转换,时空转换
l_bag_item_deplete,消耗：,消耗：
l_bag_item_expires,过期时间：,过期时间：{%text}
l_bag_item_fenjie_msg,全部分解的金币数量,全部分解可获得：{%text}金币
l_bag_item_fenjie,分解,分解
#,,
#角色讯息系统,,
#,,
l_syscom_change_fail,装备失败,装备失败
l_syscom_change_have,已装备,已装备
l_syscom_change_none,未激活,未激活
l_syscom_load_hou,后台加载中,{%text}资源加载中...
#,,
#场景选择系统,,
#,,
l_scene_select_tips_2,进入场景最低金币数量,最少需要{%text}金币
l_scene_select_tips_3,进入场景多少范围内,金币在{%text}范围可进入
l_scene_select_tips_4,进入场景失败,进入场景失败
l_scene_select_tips_5,进入场景失败(点券场),最少需要{%text}点券
l_scene_select_duo,多人场名字,多人
l_scene_select_dan,单人场名字,稳
l_scene_select_dan_func,单人场开启条件,VIP1_稳
#,,
#战斗系统,,
#,,
l_fight_skill_fail,使用技能失败,使用技能失败
l_fight_skill_cd,该技能处于CD中,该技能处于CD中
l_fight_skill_none,暂无法释放技能,暂无法释放技能
l_fight_msg_title,快捷讯息,快捷讯息
l_fight_menu_title,设置,设置
#,,
#邮件系统,,
#,,
l_mail_delete_tips_1,是否确定删除该邮件,是否确定删除该邮件？
l_mail_delete_tips_2,是否一键删除所有邮件,是否一键删除所有邮件？
l_mail_delete_tips_3,邮件删除失败,邮件删除失败
l_mail_delete_tips_4,有奖励未领取删除邮件提示,当前有奖励未领取
l_mail_delete_tips_5,邮件为空，删除失败,邮件为空，删除失败
l_mail_goods,邮件道具title,道具
l_mail_state_1,邮件未读状态,(未读)
l_mail_state_2,邮件已读状态,(已读)
l_mail_delete_all,全部删除按钮,全部删除
l_mail_receive_all,全部领取按钮,全部领取
l_mail_popTips_1,读取邮件失败,读取邮件失败
l_mail_popTips_2,附件已被提取,奖励已被领取
l_mail_popTips_3,附件提取失败,奖励领取失败
l_mail_popTips_4,该附件已过期,该邮件已过期
l_mail_popTips_5,当前无附件可提取,当前无奖励可提取
l_mail_nomail_tip,邮箱中无任何邮件,邮箱中无任何邮件
l_mail_click_read_tip,邮件详情表述提示,点击左侧邮件打开
#,,
#签到系统,,
#,,
l_signIn_reset_time,签到每日重置说明,每日0点刷新签到次数
l_signIn_buy_time,购买补签次数说明,花费{%text}{%text}可补签1次
l_signIn_vip_double,vip双倍标签,V{%text}双倍
l_signIn_popTips_1,签到失败,签到失败
#,,
#多人boss系统,,
#,,
l_multi_leave_1,房主关闭房间提示,是否确定关闭房间？
l_multi_leave_2,玩家离开房间提示,是否确定离开房间？
l_multi_lv,boss等级,Lv.{%text}
l_multi_popTip_1,房间创建成功,创建成功
l_multi_popTip_2,房间创建失败,创建失败
l_multi_popTip_3,已经加入一个房间,已经加入一个房间
l_multi_popTip_4,密码不能为空,密码不能为空
l_multi_popTip_5,副本开始失败,副本开始失败
l_multi_popTip_6,您不是房主,您不是房主
l_multi_popTip_7,房间人数不足,房间人数不足
l_multi_popTip_8,副本已开始,副本已开始
l_multi_popTip_9,有玩家还未准备,有玩家还未准备
l_multi_popTip_10,加入成功,加入成功
l_multi_popTip_11,加入失败,加入失败
l_multi_popTip_12,房间已满人,房间已满人
l_multi_popTip_13,密码错误,密码错误
l_multi_popTip_14,房间不存在,房间不存在
l_multi_popTip_15,十秒内不能进入被踢出的房间,十秒内不能进入被踢出的房间
l_multi_popTip_16,取消加入,取消加入
l_multi_popTip_17,取消操作失败,取消失败
l_multi_popTip_18,取消准备,取消准备
l_multi_popTip_19,已准备,已准备
l_multi_popTip_20,准备失败,准备失败
#,,
#多人boss加入房间,,
#,,
l_multi_passward_tips,请输入密码,请输入密码
l_multi_join_id,房间id,房间ID    {%text}
l_multi_join_passward,密码title,密码
#,,
#多人boss输入邀请码,,
#,,
l_multi_code_tips,请输入邀请码,请输入邀请码
l_multi_code,邀请码title,邀请码
#,,
#多人boss输入邀请码,,
#,,
l_multi_owner_tips_1,抽成提示（boss死亡）,这次总共获得了|c105{%text}$c金币值
l_multi_owner_tips_2,抽成提示（boss未死亡）,玩家未能杀死boss，无法获得奖励
#,,
#多人boss选择列表,,
#,,
l_multi_list_select,boss选择title,BOSS  选择
l_multi_list_code,请输入邀请码,请输入邀请码
l_multi_list_all,全部,全部
l_multi_list_bossId,bossID,BOSS |c101{%text}$c
l_multi_list_limit_vip,boss vip限制,要求：|c105VIP{%text}$c
l_multi_list_limit_lv,boss 等级限制,要求：|c105Lv.{%text}$c
l_multi_list_mana,挑战消耗的道具（选择列表显示）,金币值：|c102{%text}$c
l_multi_list_required,挑战消耗的道具（房间列表显示）,所需金币值：|c102{%text}$c
#,,
#多人boss选择列表,,
#,,
l_multi_create_desc,描述title,描述
l_multi_create_passward,设置密码title,设置密码
l_multi_create_limit,无条件限制,要求：无条件限制
l_multi_create_people,可加入最大人数,参与人数：|c105{%text}$c
l_multi_create_cost,挑战消耗,参与所需金币值：|c102{%text}$c
#,,
#多人boss房间内部,,
#,,
l_multi_room_copy,复制title,复制
l_multi_room_info,讯息title,讯息
l_multi_room_owner,房主名字、等级,房主： |c101{%text}$c  |c105Lv.{%text}$c
l_multi_room_id,房间ID,房间ID：|c101{%text}$c
l_multi_room_code,房间邀请码,邀请码：|c101{%text}$c
l_multi_room_auto,自动开始title,满人自动开始
l_multi_room_cur_vip,当前vip,当前VIP{%text}
l_multi_room_bureau,房主抽成奖励,每局奖励的金币值：|c102{%text}$c
l_multi_room_people,房间人数,参与人数：|c105{%text}/{%text}$c
l_multi_room_tips_3,复制成功,复制成功
l_multi_room_tips_4,被踢出房间提示,您已被踢出房间
l_multi_room_tips_5,房主离开房间提示,房主离开了房间
#,,
#VIP、储值系统,,
#,,
l_vip_max,vip等级讯息,你已达到最高的VIP等级
l_vip_msg,vip等级讯息,再储值|c105${%text}$c    即可升级至
l_vip_can_receive,您可领取当前奖励,您可领取当前奖励
l_vip_have_received,您已获得当前奖励,您已获得当前奖励
l_vip_rechange_msg,储值汇率说明提示,实际储值金额根据汇率实时波动
l_vip_tips_1,储值成功提示,恭喜您，储值成功
l_vip_tips_2,储值失败,储值失败
l_vip_tips_3,订单已存在,订单已存在
l_vip_tips_4,权限不足,权限不足
l_vip_tips_5,不可购买,不可购买
l_vip_tips_6,请求储值参数失败,请求储值参数失败
l_vip_tips_7,用户取消支付,已取消支付
l_vip_tips_8,购买失败,购买失败
l_vip_vip,vip等级讯息,VIP
l_vip_privilege,vip特权标题,VIP {%text} 特权
l_vip_exp,vip经验,VIP经验
l_vip_diamond,点券标题,点券
l_vip_coin,金币标题,金币
l_vip_shop,商店标题,商店
l_vip_full,vip满级,VIP 已满级
#,,
#购买次数飘字提示,,
#,,
l_times_tips_1,剩余次数为零,剩余次数为零
l_times_tips_2,购买次数提示,是否花费{%text}{%text}？当前剩余次数{%text}次
l_times_tips_3,购买次数提示,是否要花{%text}购买一次次数?当前剩余次数为{%text}次，升级VIP可以增加购买次数
l_times_tips_4,购买次数提示,是否要花{%text}购买一次次数?当前剩余次数为{%text}次
l_times_tips_5,提升VIP可增加次数,提升VIP可增加次数
l_times_tips_6,购买补签次数提示,是否要花{%text}补签一次?
l_times_tips_7,购买刷新次数提示,是否消耗{%text}重新刷新赏金任务?
#,,
#推广系统,,
#,,
l_promote_info_1,推广记录（推广用户）,新增|c102{%text}$c级用户|c102{%text}$c
l_promote_info_2,推广记录（用户储值金币）,|c102{%text}$c级用户|c102{%text}$c为您贡献了|c102{%text}金币$c
l_promote_info_3,推广记录（用户储值点券）,|c102{%text}$c级用户|c102{%text}$c为您贡献了|c102{%text}点券$c
l_promote_desc_1,推广界面讯息1,|c105{%text}级$c用户：|c102{%text}人$c
l_promote_desc_2,推广界面讯息2,推广奖励：|c102{%text}%$c
l_promote_desc_3,推广界面讯息3,累计推广获得金币：|c105{%text}$c
l_promote_desc_4,推广界面讯息4,累计推广获得点券：|c105{%text}$c
l_promote_reward_tips,领取推广奖励提示,当前累计奖励
l_promote_noneInfo,无推广记录讯息,无推广记录讯息
l_promote_record_txt,推广记录,推广记录
l_promote_invitation,邀请码,邀请码:
l_promote_invit_tips_1,请输入邀请码,请输入邀请码
l_promote_invit_tips_2,邀请码不存在,邀请码不存在
l_promote_invit_tips_3,邀请码不能为自己的,邀请码不能为自己的
l_promote_share_tips,立即和你的朋友们分享吧,立即和你的朋友们分享吧
l_promote_share_commission,每日领取一次佣金,当前无佣金可领取
l_promote_share_commission_1,领取佣金次数上限,当前无领取佣金次数
l_promote_share_commission_2,领取佣金失败,领取佣金失败
l_promote_today_times,今日可领次数,今日可领: {%text}
#,,
#分享系统,,
#,,
l_share_func_tips_1,分享成功,分享成功
l_share_func_tips_2,分享失败,分享失败
l_share_func_tips_3,分享次数上限,分享次数上限
l_share_func_times,今日分享次数,今日：{%text}/{%text}
l_share_func_desc,邀请讯息描述,成功邀请|c102{%text}名好友$c创建角色并进入游戏
#,,
#任务、成就系统,,
#,,
l_daily_task_reward,奖励title,奖励：
l_daily_task_none,暂无任务,暂无任务
l_daily_task_finish,已完成,已完成
l_daily_task_tips_1,未配置功能跳转,未配置功能跳转
l_daily_task_tips_2,任务未完成,任务未完成
l_daily_task_tips_3,请先完成任务,请先完成{%text}任务
#,,
#商城系统,,
#,,
l_shop_desc,道具描述title,描述
l_shop_source,道具获取途径title,获取途径
l_shop_item_name,道具名,名称：
l_shop_buy_btn,商城购买按钮,购买
l_shop_selling_price,售价title,售价：
l_shop_total_price,总价title,总价：
l_shop_sell_out_tips,道具今日已售罄,{%text}今日已售罄
l_shop_buy_success,成功购买道具,成功购买{%text}
l_shop_exchange_success,兑换成功,兑换成功
l_shop_sell_out,售罄title,（售罄）
l_shop_vip_buy_times,金砖购买次数不足,（提升VIP等级）
l_shop_sell_limit,限购数量,（限购{%text}个）
l_shop_vip_tips_1,VIP等级不足，是否前往提升VIP等级,VIP等级不足，是否前往提升VIP等级
l_shop_vip_tips_2,已达到购买上限,已达到购买上限！
l_shop_vip_tips_3,已达到刷新次数上限,已达到刷新次数上限！
l_shop_gold_buy_times,每日购买次数限制,今日剩余购买次数：{%text}次
l_shop_add_times_byvip,提示增加提升VIP等级可增加购买次数,提升VIP等级，可增加每日购买次数
l_shop_coin,金币商店,金币商店
l_shop_diamond,点券商店,点券商店
#,,
#各个系统规则说明,,
#,,
l_world_boss_rule,世界boss规则说明,世界boss活动说明
l_guess_boss_rule,猜一猜boss规则说明,1.角色消耗金币对场景上6只BOSS进行下注。|n2.每场下注时间为1分钟，等待时间为20秒。|n3.6中boss随机开奖，中奖位置为上期开奖BOSS。|n4.中奖BOSS玩家5倍返还点券
l_hero_vs_boss_rule,英雄VSBOSS规则说明,1.角色消耗金币对场景上6只BOSS进行下注。|n2.每场下注时间为1分钟，等待时间为20秒。|n3.6中boss随机开奖，中奖位置为上期开奖BOSS。|n4.中奖BOSS玩家5倍返还点券
l_pagoda_rule,爬塔规则说明,爬塔规则说明
l_shishi_rule,彩池规则说明,1.消耗金币对BOSS进行伤害，伤害越高，中奖概率越高。|n2.每轮2分钟，前60秒开奖为总奖池30%点券小奖，最后大奖得主获得100%奖池点券。
l_promotei_rule,推广规则说明,1.邀请朋友为你做推广代理，你可以从被邀请的朋友那里获得储值金额的奖励作为佣金奖励。|n2.1级用户提成|c1093%$c、2级用户提成|c1091%$c|n3.每天可以领取一次收入，每天凌晨2点重置。
#,,
#道具获取途径,,
#,,
l_access_shop,商城购买,商城购买
l_access_otherPath,其他获取途径,其他获取途径
#,,
#转盘抽奖,,
#,,
l_turntable_expend,消耗,消耗
l_turntable_ismove,正在抽奖中,正在抽奖中
l_turntable_tips1,抽奖失败,抽奖失败
l_turntable_tips2,进度值不足,进度值不足
#,,
#组队时时副本,,
#,,
l_mission_multi_entry,玩家进入条件,玩家进入条件
l_mission_multi_single,单次消耗,单次消耗
l_mission_multi_award,奖励说明,奖励:所有玩家消耗总金币的|c105{%text}%$c点券
l_mission_multi_ess,进入条件,进入条件
l_mission_multi_single_all,单次消耗:全部,单次消耗:全部
#,,
#红包,,
#,,
l_red_pack_fali,抢夺红包失败提示,很遗憾，被人抢走了
l_red_pack_delete,时间到红包销毁,5s后红包销毁
#,,
#投资计划,,
#,,
l_invest_loginday,投资累积登录天数,投资累积登录{%text}天
l_invest_tip_1,投资失败,投资失败
l_invest_tip_2,未投资,未投资
l_invest_tip_3,不可领取,不可领取
l_invest_tip_4,已经领取,已经领取
l_invest_tip_5,已经购买，不可再购买,已经购买，不可再购买
#,,
#勇敢者（1v1）,,
#,,
l_brave_tip_1,没有权利创建房间,没有权利创建房间
l_brave_tip_2,退出房间失败,退出房间失败
l_brave_tip_3,已经有一场对局,已经有一场对局
#,,
#游客登录，账号绑定,,
#,,
l_accredit_fail,账号绑定失败,账号绑定失败
l_accredit_success,账号绑定成功,账号绑定成功，下次可以直接使用{%text}登录游戏
l_accredit_use,您当前的FB账号已绑定，请直接FB账号登录游戏,您当前的{%text}账号已绑定，请选择其他绑定方式
l_accredit_msg,需要绑定账号的规则说明,游客状态下，请先绑定账号
#,,
#回收,,
#,,
l_recycle_title,回收,回收
l_recycle_history,历史记录,历史记录
l_recycle_youhave,你拥有的,你的
l_recycle_draw,回收,回收
l_recycle_times,vip次数,|c106VIP{%text}回收次数: {%text}$c
l_recycle_tips_1,回收成功,回收成功
l_recycle_tips_2,非普通账号不允许提现,非普通账号不允许提现
l_recycle_tips_3,回收次数限制,回收次数已达今日上限
l_recycle_tips_4,未知,未知
l_recycle_tips_5,订单申请失败,订单申请失败
l_recycle_tips_6,订单申请成功,订单申请成功
l_recycle_tips_7,订单审核中,订单审核中
#,,
#教程引导,,
#,,
l_course_msg_1,教程引导提示,这是攻击键，点击攻击锁定你想要杀死的怪物，赚更多的钱！
l_course_msg_2,教程引导提示,这是倍率。点击【+】调整武器，比例越高，赚的钱越多
l_course_msg_3,教程引导提示,这是您当前的点数，点击[+]购买点数!
l_course_msg_4,教程引导提示,这是当前的赢得钱，点击前往回收！
#,,
#回收泡泡文提示,,
#,,
l_paopao_tip_huishou,点击前往回收,点击前往回收
#,,
#横版角色界面,,
#,,
l_newRole_wear_tips1,英雄上阵成功,设置成功
l_newRole_wear_tips2,英雄上阵失败,请求失败
l_newRole_wear_tips3,条件不足,该英雄或部位未获得
l_newRole_unlock_tips1,解锁成功,解锁成功
l_newRole_unlock_tips2,解锁失败,解锁失败
l_newRole_unlock_tips3,解锁道具不足,解锁道具不足
l_newRole_unlock_tips4,英雄已解锁,英雄已解锁
l_newRole_upstart_tips1,升星成功,升星成功
l_newRole_upstart_tips2,升星失败,升星失败
l_newRole_upstart_tips3,升星道具不足,升星道具不足
l_newRole_upstart_tips4,英雄已满星,英雄已满星
l_newRole_upstart_tips5,英雄未解锁,英雄未解锁
l_newRole_owned_hero,获得英雄数量,获得英雄： |c101{%text}/{%text}$c
l_newRole_none_hero,待解锁英雄,待解锁英雄
l_newRole_hero_sort_0,默认排序,默认排序
l_newRole_hero_sort_1,英雄星级,英雄星级
l_newRole_hero_sort_2,英雄品阶,英雄品阶
l_newRole_hero_sort_3,已解锁,已解锁
l_newRole_hero_sort_4,未解锁,未解锁
l_newRole_hero_max,已满星,Max
l_newRole_hero_weapon,武器/装饰,武器/装饰
l_newRole_hero_btn_unlock,解锁,解 锁
l_newRole_hero_btn_upstar,升星,升 星
l_newRole_hero_btn_select,选择,选 择
l_newRole_hero_title_unlock,解锁条件,解锁条件:激活英雄
l_newRole_hero_get_path,前往获得碎片,前往获得碎片
#,,
#横版图鉴界面,,
#,,
l_card_none,未获得,未获得
l_task_complete,已完成,已完成
l_task_noactive,未激活,未激活
l_task_ongoing,进行中,进行中
l_card_award_title,激活该图鉴可获得以下奖励,激活该图鉴可获得以下奖励
#,,
#横版七登界面,,
#,,
l_sevenDays_baseAward,基本奖金,基本奖金
l_sevenDays_vipAward,VIP奖励,VIP奖励
l_sevenDays_totalAward,合计,合计
l_sevenDays_tip,倍率提示,"基本奖金=骰子点数X5000,VIP奖励=基本奖金数"
l_sevenDays_slot,拉霸中提示,正在抽奖中，请稍后离开
l_sevenDays_next,请明天再来领取~,请明天再来领取~
l_sevenDays_allReceived,奖励已全部领取,奖励已全部领取
l_seven_day,当前登录天数,第{%text}天
#,,
#横版公共奖励弹窗,,
#,,
l_closePop_tip,关闭提示,点击空白处关闭窗口
l_closePop_tip2,关闭提示,{%text}秒后自动关闭
l_closePop_tip3,关闭提示,点击屏幕继续
l_pop_vipAward,vip等级提升奖励,恭喜升级至{%text}获得特权奖励
#,,
#横版Boss事件界面,,
#,,
l_boss_event_state,战斗中,战斗中
l_boss_event_drop,BOSS掉落:,BOSS掉落:
l_boss_event_reach,BOSS抵达时间：,BOSS抵达时间：
l_boss_event_kill_tip,恭喜{%text}击杀{%text},恭喜{%text}击杀{%text}
l_boss_event_get,获得,获得
#,,
#横版Boss竞猜（世界场景boss）,,
#,,
l_boss_guess_time_end_tip,竞猜结束提示,竞猜已结束
l_boss_guess_time_tip1,主界面剩余竞猜提示,剩余竞猜时间：
l_boss_guess_time_tip2,剩余：,剩余：
l_boss_guess_atk_tip,BOSS标题,BOSS{%text}是多少？
l_boss_guess_pos_tip,BOSS标题,BOSS{%text}是在几号位？
l_boss_guess_atk_title,boss 被攻击,【总攻击】
l_boss_guess_pos_title,【死亡位置】,【死亡位置】
l_boss_guess_result_title1,结算标题1,击杀者:  {%text}
l_boss_guess_result_title2,结算标题2,击杀奖励
l_boss_guess_result_tip1,关闭提示,{%text}秒后自动关闭
l_boss_guess_result_tip2,结算提示,投注奖励
l_boss_guess_result_loser_tip,失败标题,BOSS未被击杀挑战失败
l_boss_guess_rate,赔率,赔率
l_boss_guess_info_atk_title,攻击boss标题,攻击BOSS:
l_boss_guess_info_fight_title,战斗时间,BOSS逃跑时间: {%text}
l_boss_guess_atk_up,以上,以上
l_boss_guess_atk_area,下注区域,下注区域
l_boss_guess_total,总：,总：
l_boss_guess_pos_single,单,单
l_boss_guess_pos_double,双,双
l_boss_guess_pos_max,大,大
l_boss_guess_pos_min,小,小
#,,
#横版幸运boss,,
#,,
l_luck_boss_time,竞猜倒计时,剩余竞猜时间: {%text}
l_luck_boss_preview_time,准备倒计时,准备开始: {%text}
l_luck_boss_fight_time,竞猜战斗倒计时,预计剩余战斗时间: {%text}
l_luck_boss_next_time,竞猜下一场倒计时,下一场竞猜时间: {%text}
l_luck_boss_rate,竞猜赔率,{%text}
l_luck_boss_title,1v1标题,1v1
l_luck_boss_msg,下注描述,选择筹码后，点击角色进行下注
l_luck_boss_chart_title,趋势图标题,趋势图
l_luck_boss_chart_msg,趋势图说明,近50场BOSS阵亡趋势图
l_luck_boss_max_tips,押注上限提示,已达押注上限
l_luck_boss_winner,获胜者,获胜者
l_luck_boss_win_tips,猜中获胜者,恭喜你猜中获胜者，赢得比赛，获得奖励
l_luck_boss_loser_tips,没猜中获胜者,很遗憾，你未猜中获胜者，无法获得奖励
l_luck_boss_loser,未中奖,无奖励
l_luck_boss_cant_done,当前时间不可操作,当前时间不可操作
l_luck_boss_bet_tips1,下注成功,下注成功
l_luck_boss_bet_tips2,下注失败,下注失败
l_luck_boss_clear_tips1,清空成功,清空成功
l_luck_boss_clear_tips2,清空失败,清空失败
l_luck_boss_clear_tips3,无下注数据可清空,无下注数据可清空
l_luck_boss_result_btn_sure,确认,确 认 ({%text}s)
l_luck_boss_leave_tips,离开副本,是否确认离开副本？
l_luck_boss_people,参与人数,参与玩家: |c105{%text}$c
#,,
#图鉴召唤,,
#,,
l_card_summon_result_tip1,图鉴召唤失败提示1,召唤失败
l_card_summon_desc,首次10连召唤，必得紫色怪物图鉴卡,首次10连召唤，必得紫色怪物图鉴卡
l_card_summon_one,召唤 1 次,召唤 1 次
l_card_summon_ten,召唤 10 次,召唤 10 次
l_card_summon_free,免费,免费
l_card_summon_review,奖励预览,奖励预览
#,,
#横版夺宝抽奖,,
#,,
l_lucky_draw_value,幸运值,当前幸运值
l_lucky_draw_value_tip,幸运值提示,幸运值越高，获得稀有物品的机会就会越大！
l_lucky_draw_extra_award,额外奖励,额外奖励
l_lucky_draw_count,本周累计抽奖个数,本周累计|c105{%text}$c个
l_lucky_draw_count_tip,累计几个,{%text}个
l_lucky_draw_extra_tip1,额外奖励弹窗提示（已领取）,您已累计购买|c105{%text}$c个|n已获得以下奖励
l_lucky_draw_extra_tip2,额外奖励弹窗提示（不可领）,您已累计购买|c105{%text}$c个|n再购买|c105{%text}$c个可获得以下奖励
l_lucky_draw_extra_tip3,额外奖励弹窗提示（待领取）,您已累计购买|c105{%text}$c个|n可获得以下奖励
#横版夺宝抽奖,,
l_treasure_hunt_tip,夺宝失败提示,点券不足
l_treasure_hunt_tip1,夺宝失败提示,无效平台 平台不支持寻宝
l_treasure_hunt_tip2,夺宝失败提示,无效的夺宝数据
l_treasure_hunt_tip3,夺宝失败提示,未知错误 请稍后再来夺宝
l_treasure_extra_tip,额外奖励领取失败提示,次数不足以领取额外奖励
l_treasure_extra_tip1,额外奖励领取失败提示,没有可领取的额外奖励列表
l_treasure_extra_tip2,额外奖励领取失败提示,没有等待领取的奖励
l_treasure_extra_tip3,额外奖励领取失败提示,未知错误 请稍后再试
l_treasure_extra_tip4,额外奖励状态获取失败提示,状态获取失败
l_treasure_close_tip,夺宝中提示,正在抽奖中，请稍后离开
#,,
#横版神龙祝福,,
#,,
l_goddragon_cost_tip,消耗,消耗：
l_goddragon_title_tip,神之祝福中奖标题,恭喜幸运儿{%text}获得金币双倍buff
l_goddragon_prop_tip,祝福币不足,祝福币不足
l_goddragon_downtime_tip,2s后可祈福,{%text}s后可祈福
l_goddragon_draw_1,"正在抽奖中, 请稍后","正在抽奖中, 请稍后"
#,,
#横版个性化设置,,
#,,
l_setting_not_authority,设置权限提示,vip等级1才能佩戴
l_setting_success,设置成功,设置成功
l_setting_fail,设置失败,设置失败
l_setting_no_enough,未拥有该道具,未拥有该道具
l_setting_name_change,成功改名,成功改名
l_setting_name_used,该名字已被使用,该名字已被使用
l_setting_name_invalid,该名字含有敏感字,该名字含有敏感字
l_setting_name_long,名字太长,名字太长
l_setting_name_times,次数不足,次数不足
l_setting_name_fail,改名失败,改名失败
#通行证,,
#,,
l_tongxingzheng_desc,通行证描述,黄金通行证包括|n解锁额外赛季任务|n8000赏金石|n全新头像框|n1000000金币|n110冰冻卷轴|n110狂暴卷轴
l_tongxingzheng_need_level,通行证等级不足提示,提升等级获得更多奖励
l_tongxingzheng_need_buy,通行证未购买提示,购买通行证，解锁超绝奖励
l_tongxingzheng_level_max_title,通行证满级提示标题,额外金币
l_tongxingzheng_level_max_desc,通行证满级提示内容,{%text}级后每升1级可获得20000金币
#,,
#横版兑换商店,,
#,,
l_exchange_shop_title,兑换商店,兑换商店
l_exchange_shop_have,拥有,拥有：{%text}
#,,
#横版分页按钮,,
#,,
l_page_name_list,"福利大厅,对应分页的名字,Id对应FunctionEnum.ts",1081_七日登录|1071_每日签到|1072_惊喜夺宝|1073_幸运十连抽|1074_累计储值
l_page_txz_list,"通行证,对应分页的名字",1_奖励|2_任务
l_page_shop_list,商城对应分页名字,1_储值|2_点券商店|3_金币商店|4_VIP特权
l_page_scene_list,场景选择对应名字,2_金币场|52_赏金场
l_page_give_list,赠送物品,4001_赠送|1076_兑换码
#,,
#个性化,,
#,,
l_gexinghua_tipe1,未拥有表情包提示,未拥有该表情
l_gexinghua_tipe2,请休息一下,请休息一下
#,,
#通行证,,
#,,
l_pass_ticket_task_tips1,任务不存在,任务不存在
l_pass_ticket_task_tips2,通行证任务奖励领取失败,任务奖励领取失败
l_pass_ticket_task_tips3,通行证任务奖励已领取,任务奖励已领取
l_pass_ticket_task_tips4,通行证任务奖励未完成,任务未完成
l_pass_ticket_level_tips1,不满足领奖条件,不满足领奖条件
l_pass_ticket_level_tips2,通行证等级奖励已领取,等级奖励已领取
l_pass_ticket_level_tips3,通行证等级奖励领取失败,等级奖励领取失败
l_pass_ticket_level_tips4,通行证等级奖励不存在,等级奖励不存在
l_pass_ticket_level_tips5,未获得通行证,未获得通行证
l_pass_ticket_unlock_tips1,通行证解锁失败,通行证购买失败
l_pass_ticket_level_buy_title,等级购买标题,解锁奖励
l_pass_ticket_level_buy_msg,等级购买描述,是否解锁下一级奖励
l_pass_ticket_level_buy_tips1,通行证等级购买失败,购买失败
l_pass_ticket_level_buy_tips2,满级无法继续购买,已满级
l_pass_ticket_end_time1,离赛季结束倒计时,离赛季结束还有|c102{%text}$c
l_pass_ticket_end_title,温馨提示,温馨提示
l_pass_ticket_end_tip1,活动即将结束提示,通行证活动即将结束，请各位玩家及时领取未领取的奖励
l_pass_ticket_end_tip2,活动已结束,活动已结束
l_pass_ticket_end_time,活动剩余时间,活动剩余时间：{%text}
l_pass_ticket_task_unique,黄金通行证专属,黄金通行证专属
l_pass_ticket_task_refresh,任务待刷新,任务待刷新
l_pass_ticket_task_refresh2,任务待刷新时经验位置展示,???
l_pass_ticket_get_msg1,解锁黄金通行证和任务奖励,解锁黄金通行证和任务奖励
l_pass_ticket_get_msg2,黄金通行证+等级奖励,黄金通行证+{%text}级奖励
l_pass_ticket_task_receive,任务已领取,任务已领取
#,,
#道具已满时提示（英雄碎片和图鉴卡）,,
#,,
l_item_hero_card_max,已满星,已满星
l_item_cardbook_card_max,已集齐,已集齐
l_item_hero_zanweikaifang,未开启英雄,限时活动开启
#,,
#时时BOSS系统,,
#,,
l_shishi_boss_title,彩票池,彩票池
l_shishi_boss_btn_tz,立即挑战,立即挑战
l_shishi_boss_step1,幸运奖倒计时,幸运奖：|c105{%text}$c
l_shishi_boss_step2,大奖倒计时,一等奖：|c105{%text}$c
l_shishi_boss_step3,boss复活倒计时,下一场：|c105{%text}$c
l_shishi_boss_ranking,当前排名,排名:{%text}
l_shishi_boss_cost,消耗金币,消耗金币：{%text}
l_shishi_boss_win1,大奖获得者,一等奖获得者：|c105{%text}$c
l_shishi_boss_win2,幸运奖获得者,幸运奖获得者：|c105{%text}$c
l_shishi_boss_result_title,幸运抽奖,幸运抽奖
l_shishi_boss_result_none,无人获奖,无人获奖
l_shishi_boss_hurt,伤害,伤害:
#,,
#翻牌奖池抽奖,,
#,,
l_lottery_main_add,继续累计,继续累计
l_lottery_main_double,我要翻倍,我要翻倍
l_lottery_main_result,直接结算,直接结算
l_lottery_main_desc,顶部刀数提示,当前已累计{%text}可继续累计
l_lottery_main_tip_1,倒计时结束自动结算（9）,倒计时结束自动结算（{%text}）
l_lottery_main_tip_2,"正在抽奖中, 请稍后","正在抽奖中, 请稍后"
l_lottery_main_tip_3,还需多少刀，可以抽奖,还需{%text}刀，可抽奖
l_lottery_result_confirm,确  定,确  定
l_lottery_result_total,总计：,总计:
l_lottery_pond_result,立即结算,立即结算
l_lottery_pond_tip_0,当前结算,直接领取
l_lottery_pond_tip_1,猜对翻倍（猜对清零）,猜对宝箱翻倍
l_lottery_pond_tip_2,请开启您要开启的宝箱,请开启您要开启的宝箱
l_lottery_pond_tip_3,可瓜分奖金池,可瓜分奖金池
l_lottery_pond_tip_4,初始翻倍点券为200一下的玩家不参与瓜分奖金,初始翻倍点券为{%text}以下的玩家不参与瓜分奖金
l_lottery_pond_tip_5,瓜分奖金池奖励（不参与翻倍）,瓜分奖金池奖励（不参与翻倍）
l_lottery_draw_no_open,未开启抽奖功能,未开启抽奖功能
l_lottery_draw_yet,已经翻过牌,已经翻过牌
l_lottery_draw_unknown,未知错误,未知错误
l_lottery_draw_double_fail,翻倍失败,翻倍失败
l_lottery_draw_double_no_chance,没有机会翻牌,没有机会翻牌
l_lottery_draw_not_authority,非法请求,非法请求
l_lottery_draw_fun_close,功能已关闭,功能已关闭
l_lottery_draw_stage,不在抽奖阶段,不在抽奖阶段
l_lottery_draw_yet_touch,已经翻过牌,已经翻过牌
l_lottery_draw_condition_not,抽奖条件未达成,抽奖条件未达成
l_lottery_draw_stage_0,抽奖阶段,抽奖阶段
l_lottery_draw_stage_1,翻倍阶段,翻倍阶段
l_lottery_draw_tip_0,"很遗憾, 请再接再厉！","很遗憾, 请再接再厉！"
l_lottery_draw_tip_1,很遗憾，您与大奖插肩而过,很遗憾，您与大奖插肩而过
l_lottery_draw_tip_2,恭喜你，获得点券,恭喜你，获得点券
l_lottery_draw_error,系统内部错误,系统内部错误
l_lottery_draw_dao,刀,刀
l_lottery_pond_tip_6,累计越多，获得越多，当前累计{%text}刀,累计越多，获得越多，当前累计{%text}
l_lottery_btn_title_0,还需,还需
l_lottery_popup_tip_0,没有翻倍次数了,没有翻倍次数了
#,,
#功能怪翻牌,,
#,,
l_card_flip_count,翻牌次数,剩余翻牌次数：{%text}
l_card_countdown_time,翻牌倒计时,{%text}s后自动翻牌
l_roll_countdown_time,拉霸倒计时,{%text}s后自动启动
#,,
#英雄VSBOSS,,
#,,
l_herovsboss_title,英雄VSBOSS,英雄VSBOSS
l_herovsboss_win_rate,近十场胜率,近十场胜率：{%text}%
#,,
#前期新手引导,,
#,,
guide_init_msg,第一次进入游戏，文字说明,这个是第一次进入游戏，以文字形式介绍游戏内容、背景，文字播放完之后，会以漫画展示游戏的内容
guide_receive,击杀怪物获得金币奖励,成功⒐治铮@得|c102{%text}$c金弄睿且攻舯堵士|c102提升至40$c
#第一步,,
guide_msg_1_beilv,倍率提示,前|c107攻舯堵20$c(每次攻粝耗20金)
guide_msg_1,攻击玩家提示,c|c107攻翩I$c攻艄治|c102(L按自庸)$c|n⒐治镝@得|c102攻舯堵(20)×怪物倍率(2) = 40金$c
guide_msg_1_yaogan,提示玩家摇杆区域,左侧为|c107移动指令$c区域。在这个区域|c102滑动$c手指，可以让英雄移动
guide_task_1_title,移动任务引导,|c107移动练习$c
guide_task_1_desc,移动任务引导,移动到指定地点
#第二步,,
guide_msg_2_beilv,,前|c107攻舯堵侍嵘至40$c(每次攻粝耗40金)
guide_msg_2,倍率提示，提示攻击怪物,攻舯堵|c102提升至40$c，⒐治镝|c102(不同怪物且倍率不同)$c，@得：|n|c107攻舯堵(40)×怪物倍率(5)=200金$c
#,,
#累计储值,,
#,,
l_leichong_complete,已完成,已完成
l_leichong_received,已领取,已领取
l_leichong_need,还需要储值$,还需要储值$
l_leichong_time,活动时间,活动时间：
#,,
#宝箱结算,,
#,,
l_boxbalance_close,关闭,关闭({%text})
#,,
#拉霸事件,,
#,,
l_laba_rule,规则,规则
l_laba_time,剩余时间：,剩余时间：{%text}
l_laba_cost,消耗,需消耗：
l_laba_fail,服务端返回失败,抽奖失败
l_laba_notopen,事件未开始或已结束,事件未开始或已结束
#幸运转盘,,
luck_rota_closetime,3秒后关闭,{%text}s后关闭
#,,
#世界树,,
#,,
l_tree_task,任务目标,任务目标：{%text}|c107{%text}$c/{%text}
l_tree_task_suc,守护成功,守护成功
l_tree_cost_fail,消耗失败，余额不足。,消耗失败，余额不足。
l_tree_bubble_tips,快来领取你的守护奖励吧！,快来领取你的守护奖励吧！
l_tree_notice_hero,激活英雄加成总值,激活英雄加成{%text}%
l_tree_notice_lv,世界树等级加成值,世界树等级加成{%text}%
l_tree_notice_tip,世界树加成提示,提升世界等级，激活英雄将回馈更多奖励
l_tree_rule,世界树加成规则,⒂糜⑿勖咳湛深I取更多金弄睿∮⑿燮焚|不同加成效果不同！世界涞燃每提升1~外增加1%金奴@取量！
l_tree_recive_fail,世界树领取失败,领取失败
l_tree_recive_limit,世界树达到领取上限,世界树达到领取次数上限
l_tree_guide,世界树引导,
#,,
#礼包兑换码,,
#,,
l_gift_code_edit_text,请输入礼包兑换码,请输入礼包兑换码
l_gift_code_result_0,礼包兑换失败,礼包兑换失败
l_gift_code_result_1,功能未开启,功能未开启
l_gift_code_result_2,礼包已经领取,礼包已经领取
l_gift_code_result_3,礼包兑换码已过期,礼包兑换码已过期
l_gift_code_result_4,客官歇一歇，请求太快了,客官歇一歇，请求太快了
l_gift_code_result_5,礼包码不存在,礼包码不存在
#,,
#单体技能,,
#,,
l_danti_skill_gold,金币不足,最少{%text}金币才能释放一次技能
l_danti_skill_rmb,点券不足,最少{%text}点券才能释放一次技能
l_danti_skill_monster,找不到攻击怪,请先确认攻击对象
,,
#,,
#地图详情描述,,
#,,
l_monster_describe_1001,死亡沼泽怪物倍率，黄金生物倍率40~80倍！|n（实际倍率以图鉴显示范围为准！）,死亡沼泽怪物倍率，黄金生物倍率40~80倍！|n（实际倍率以图鉴显示范围为准！）
l_monster_describe_1002,绝望戈壁怪物倍率，黄金生物倍率40~120倍！|n（实际倍率以图鉴显示范围为准！）,绝望戈壁怪物倍率，黄金生物倍率40~120倍！|n（实际倍率以图鉴显示范围为准！）
l_monster_describe_1003,远古战场怪物倍率，黄金生物倍率40~200倍！|n（实际倍率以图鉴显示范围为准！）,远古战场怪物倍率，黄金生物倍率40~200倍！|n（实际倍率以图鉴显示范围为准！）
l_monster_describe_1004,熔岩地宫怪物倍率，黄金生物倍率40~300倍！|n（实际倍率以图鉴显示范围为准！）,熔岩地宫怪物倍率，黄金生物倍率40~300倍！|n（实际倍率以图鉴显示范围为准！）
l_monster_describe_1005,深渊洞窟怪物倍率，黄金生物倍率40~80倍！|n（实际倍率以图鉴显示范围为准！）,深渊洞窟怪物倍率，黄金生物倍率40~80倍！|n（实际倍率以图鉴显示范围为准！）
l_monster_describe_1006,藏宝地宫怪物倍率，黄金生物倍率40~120倍！|n（实际倍率以图鉴显示范围为准！）,藏宝地宫怪物倍率，黄金生物倍率40~120倍！|n（实际倍率以图鉴显示范围为准！）
l_monster_describe_1007,荒芜废墟怪物倍率，黄金生物倍率60~200倍！|n（实际倍率以图鉴显示范围为准！）,荒芜废墟怪物倍率，黄金生物倍率60~200倍！|n（实际倍率以图鉴显示范围为准！）
l_monster_describe_1008,失落遗迹怪物倍率，黄金生物倍率80~400倍！|n（实际倍率以图鉴显示范围为准！）,失落遗迹怪物倍率，黄金生物倍率80~400倍！|n（实际倍率以图鉴显示范围为准！）
l_monster_describe_5001,死亡沼泽怪物倍率，黄金生物倍率80~400倍！|n（实际倍率以图鉴显示范围为准！）,死亡沼泽怪物倍率，黄金生物倍率80~400倍！|n（实际倍率以图鉴显示范围为准！）
l_monster_describe_5002,绝望戈壁怪物倍率，黄金生物倍率80~400倍！|n（实际倍率以图鉴显示范围为准！）,绝望戈壁怪物倍率，黄金生物倍率80~400倍！|n（实际倍率以图鉴显示范围为准！）
l_monster_describe_5003,远古战场怪物倍率，黄金生物倍率80~400倍！|n（实际倍率以图鉴显示范围为准！）,远古战场怪物倍率，黄金生物倍率80~400倍！|n（实际倍率以图鉴显示范围为准！）
l_monster_describe_5004,熔岩地宫怪物倍率，黄金生物倍率80~400倍！|n（实际倍率以图鉴显示范围为准！）,熔岩地宫怪物倍率，黄金生物倍率80~400倍！|n（实际倍率以图鉴显示范围为准！）
l_monster_describe_6001,死亡沼泽怪物倍率，黄金生物倍率80~400倍！|n（实际倍率以图鉴显示范围为准！）,死亡沼泽怪物倍率，黄金生物倍率80~400倍！|n（实际倍率以图鉴显示范围为准！）
l_monster_describe_6002,绝望戈壁怪物倍率，黄金生物倍率80~400倍！|n（实际倍率以图鉴显示范围为准！）,绝望戈壁怪物倍率，黄金生物倍率80~400倍！|n（实际倍率以图鉴显示范围为准！）
l_monster_describe_6003,远古战场怪物倍率，黄金生物倍率80~400倍！|n（实际倍率以图鉴显示范围为准！）,远古战场怪物倍率，黄金生物倍率80~400倍！|n（实际倍率以图鉴显示范围为准！）
l_boss_describe_5,BOSS降临！超高倍率等你来战！,BOSS降临！超高倍率等你来战！
#,,
#匹配场,,
#,,
l_mate_mate_result_1,匹配失败,匹配失败
l_mate_mate_result_2,不满足进场景条件,不满足进场景条件
l_mate_mate_result_3,入场券不足,入场券不足
l_mate_cancle_result_1,取消匹配,取消匹配
l_mate_cancle_result_2,取消失败,取消失败
l_mate_account_tip,匹配场结算提示,每日18:00点结算奖池奖励
l_mate_no_reward,奖池累计中,奖池累计中
l_mate_no_record,当前无人上榜,当前无人上榜
l_mate_leiji_reward,累计奖池,累计奖池
l_mate_leave_tips,匹配场离开提示,是否离开匹配场？离开后积分可参与本次结算，但将不能再进入本次场景。
l_mate_team_invite_prompt,输入玩家角色名称（如s1.xxxx）,输入玩家角色名称（如s1.xxxx)
l_mate_team_join_prompt,请输入密码,请输入密码
l_mate_team_world_recruit,世界招募,世界招募
l_mate_team_zhiding_recruit,指定招募,指定招募
l_mate_team_is_join,是否加入对局,是否加入对局
l_mate_team_cancel_room,该房间已解散,该房间已解散
l_mate_team_recruit_cd,xx秒后可以重新招募,{%text}秒后可以重新招募
l_mate_team_recruit_success,招募成功,招募成功
l_mate_team_recruit_fail,招募失败,招募失败
l_mate_team_recruit_time_limit,时间限制,招募处于CD中
l_mate_team_recruit_none,该玩家不存在,该玩家不存在
l_mate_team_recruit_no_line,该玩家不在线,该玩家不在线
l_mate_team_password_tips,请输入4位密码,密码须为4位数字或者为空
l_mate_team_min_cost_tips,自定义消耗不能少于xxx,房间消耗不能少于{%text}
#,,
#幸运彩球,,
#,,
l_lucky_ball_tip_1,点击任意区域关闭,点击任意区域关闭
l_lucky_ball_tip_2,很遗憾，无人中奖,很遗憾，无人中奖
l_lucky_ball_desc,说明,活动规则 |n1：击杀怪物获得号码彩球。|n2：号码彩球越多中奖概率越高。|n3：活动时间结束后进入抽奖阶段。|n4：若中奖玩家出现掉线情况，|n奖金将会通过有奖形式发放。
#,,
#匹配场规则,,
#,,
l_mate_rule_title,详情,详情
l_mate_rule_0,每日18:00结算每个竞技场积分排行榜奖励，邮件发放！,每日18:00结算每个竞技场积分排行榜奖励，邮件发放！
l_mate_rule_1,匹配场规则,1：玩家使用相同数量的子弹击杀怪物获得积分的多少为排行标准。|n2：竞技初级场第一名可以获得3000赏金石，第二名可以获得600赏金石，奖池增加320赏金石。|n3：竞技中级场第一名可以获得15000赏金石，第二名可以获得3000赏金石，奖池增加1600赏金石。|n4：竞技高级场第一名可以获得60000赏金石，第二名可以获得12000赏金石，奖池增加6400赏金石。|n5：每日18:00结算奖池奖励，对应场次积分最高的玩家获得奖池的所有赏金石，然后清空积分排行。
l_mate_rule_2,自定义匹配场规则,1：玩家使用相同数量的子弹击杀怪物获得积分的多少为排行标准。|n2：第一名可以获得设置赏金石*300%的奖励。|n3：第二名可以获得设置赏金石*80%的奖励。|n4：第三名可以获得设置赏金石*12%的奖励。
#,,
#匹配场跳转提示,,
#,,
l_mate_rule_prompt,竞技场无法前往,竞技场无法前往
#,,
#主线任务,,
#,,
l_main_task_task,任务,任务:
l_main_task_detail,任务描述,任务描述:
l_main_task_jindu,当前进度,当前进度
l_main_task_reward,奖励描述,任务完成可获得以下奖励
#,,
#直购商店,,
#,,
l_direct_shop_buycount,直购当前购买次数,当前剩余购买次数|c102{%text}/{%text}$c次
l_direct_shop_endtime,直购距下次刷新时间,距下次刷新：{%text}
#,,
#直购等级,,
#,,
l_buy_grade_original,原价,原价：${%text}
l_buy_grade_now,现价,现仅需：${%text}
#,,
#兑换商城,,
#,,
l_exchange_store_tip,赏金石不足,赏金石不足
l_exchange_store_rule,详情,1：赏金石可以通过商店兑换，成长之路或者赏金任务获得。|n2：赏金石可以在兑换商店兑换虚拟道具，兑换完成后会扣除对应数量赏金石。|n3：更多极品奖励可以找在线客服进行咨询兑换。
l_exchange_store_turn,前往获得赏金石,|u前往获得$u
l_exchange_store_tishi,提示,提示：100赏金石价值1美金
l_exchange_store_tip1,提示1,禁止私下交易赏金石，参与每日活动即可获得
#,,
#玩家升级,,
#,,
l_role_upgrade_tips1,升级失败,升级失败
l_role_upgrade_tips2,道具不足,{%text}不足，请前往获得
l_role_upgrade_tips3,已满级,已满级
l_role_upgrade_none,未达到升级条件,等级未达到
l_role_upgrade_none1,可领取等级奖励,可领取
l_role_upgrade_received,已领取,已领取
#,,
每日任务,,
#,,
l_daily_task_tip1,任务积分奖励领取成功,任务积分奖励领取成功
l_daily_task_tip2,宝箱奖励领取成功,宝箱奖励领取成功
l_daily_task_rule,完成每日任务，积累活跃度，既可领取当日活跃宝箱奖励,完成每日任务，积累活跃度，即可领取当日活跃宝箱奖励
l_daily_task_tip3,今日活跃度,今日活跃度
#首充,,
l_first_recharge,首充文本提示,0点后可领取奖励
#成长之路入口,,
l_upgrade_entrance_tip1,升级气泡提示,升级可获得{%text}
l_upgrade_entrance_tip2,领取气泡提示,前往可获得{%text}
#手机绑定,,
l_bind_phone_tip1,请输入手机号码,请输入手机号码
l_bind_phone_area,国家地区,国家地区：
l_bind_phone_number,手机号码,手机号码：
l_bind_phone_pin,验证码,验 证 码：
l_bind_phone_pop_tip1,绑定提示,您的角色目前没有手机号码绑定，|n   为保障您账户的安全性，|n  建议您进行手机号码绑定。
l_bind_phone_to,前往绑定,前往绑定
l_bind_phone_pop_ok,绑定成功,绑定成功！|n祝您游戏愉快！
l_bind_phone_expire_tip,验证码超时！,验证码超时！
l_bind_phone_code_err_tip,验证码错误！,验证码错误！
l_bind_phone_code_success,短信验证码下发成功！,短信验证码下发成功！
l_bind_phone_invalid_mobile,无效手机号！,无效手机号！
l_bind_phone_code_fail,验证码下发失败！,验证码下发失败！
l_bind_phone_pin_time_tip,验证码冷却时间提示,|c102{%text}$cs后重新发送
#赠送,,
l_give_explain_content,说明内容,1：赠送方VIP等级|c102≥2$c级，等级|c102≥20$c级，且已绑定手机号码。|n2：赠送方赠送完账号至少保留|c10210000$c赏金石。|n3：赠送赏金石需要收取|c1021%$c手续费。|n4：被赠予方通过礼物盒领取赠送的赏金石。
l_give_query_tip1,没有该玩家,没有该玩家！
l_give_extract_tip1,没道具提取,没道具提取！
l_give_delete_tip1,道具未领取,道具未领取！
l_give_delete_tip2,无可删除的邮件,无可删除的邮件！
l_give_player_tip,赠送给,赠送给{%text}
l_give_edit_input_tip,请输入玩家ID,请输入玩家ID
l_give_succeed_tip,赠送成功,赠送成功
l_give_gem_tip,宝石不足,赠送方背包里最少需要{%text}个及以上{%text}
l_give_vip_tip,vip不足,赠送方VIP等级需要{%text}级
l_give_id_tip,请输入目标id,请输入目标id
l_give_pin_tip,请输入验证码,请输入验证码
l_give_fail_tip,赠送失败,赠送失败
l_give_msg_title,赠送给(玩家)1个赏金石,赠送给(|c102{%text}$c){%text}个{%text}
l_give_warn_tip,线下交易属于违规行为，严禁赏金石买卖,线下交易属于违规行为，严禁赏金石买卖
l_give_player_tip,请查询玩家是否存在,请查询玩家是否存在
l_give_self_tip,不能赠送给自己,不能赠送给自己
l_give_record_tip,暂无赠送纪录,暂无赠送纪录
l_give_charge_tip,需扣除手续费,手续费: {%text}
l_give_target_id,目标 ID:,目标 ID:
l_give_explain,赠送说明,赠送说明
#,,
赏金任务,,
#,,
l_task_bounty_tip,提示,每日0点重置
l_task_bounty_times,次数提示,剩余赏金任务次数|c102{%text}/{%text}$c
#,,
场景选择,,
#,,
l_scene_select_tip,赏金石场提示,特别提示：赏金石可兑换道具奖励，切勿线下交易
l_scene_stay_tip,切换场景提示,留在原地
#,,
怪物详情技能,,
#,,
l_monsinfo_skill_name,大招技能名称,群体攻击
l_monsinfo_skill_desc,大招技能介绍,"对周围所有目标进行多次攻击（单个目标最多进行50次攻击,目标死亡或消耗道具不足就停止攻击该目标），消耗为总攻击次数*当前攻击消耗"
l_monsinfo_dt_name,单体技能名称,单体攻击
l_monsinfo_dt_desc,单体技能介绍,"对当前目标进行多次攻击（目标最多进行50次攻击,目标死亡或消耗道具不足就停止攻击该目标），消耗为总攻击次数*当前攻击消耗"
#,,
无尽对决,,
#,,
l_endless_bet_monster_name,怪物,怪物
l_endless_bet_hero_name,英雄,英雄
l_endless_menu_chip_name,筹码设置,IaO定
l_endless_record_name,投注记录,投注
l_endless_rule_name,游戏规则,[蛞t
l_endless_chip_select_title,请选择6个您常用的筹码金额,x{%text}您常用的Ia金~
l_endless_chip_num_tip,筹码设置不得少于6个,IaO定不得少於{%text}
l_endless_record_coin,金币场,金
l_endless_record_sj,赏金石场,p金石
l_endless_rules,游戏规则,★oMQ是一款上手蔚男蓍f愤[颍可以只投注“英雄”或“怪物”，也可以只投注某“角色”。|n★每角色有不同的r率，_AyK押]哪N角色中，跑敉Ｖrx中的角色即橹歇角色。|n★地m主宰、{咒亡`、熔岩巨F、暗影破恼楣治铮_出上述四N角色r，“怪物”也得。|n★女忍者、雷震子、牛魔王、蚩尤橛⑿郏_出上述四N角色r，“英雄”也得。|n★BOSS缡馈BOSS混沌不凫丁肮治铩奔啊坝⑿邸保H押中相角色才算中。
l_endless_exit,返回大厅,返回大厅
l_endless_result_get_tip,恭喜获得,恭喜@得
l_endless_result_lose_tip,很遗憾，未中奖,很z憾，未中
l_endless_exit_tip,已下注，请等待结算后退出,已下注，等待Y算後退出!
l_endless_wait_tip,(参与上一轮而获得的奖励，会通过邮件发放),(⑴c上一而@得的睿透^]件l放)
l_endless_tip,无尽对决,无尽对决
l_endless_not_bet,当前不可投注(未到投注时间),当前不可投注!
l_endless_last_net,上一把没投注,上一把没投注!
#,,
奔驰宝马,,
#,,
l_car_turn_bet_monster_name,怪物,怪物
l_car_turn_bet_hero_name,英雄,英雄
l_car_turn_menu_chip_name,筹码设置,IaO定
l_car_turn_record_name,投注记录,投注
l_car_turn_rule_name,游戏规则,[蛞t
l_car_turn_chip_select_title,请选择6个您常用的筹码金额,x{%text}您常用的Ia金~
l_car_turn_chip_num_tip,筹码设置不得少于6个,IaO定不得少於{%text}
l_car_turn_record_coin,金币场,金
l_car_turn_record_sj,赏金石场,p金石
l_car_turn_rules,游戏规则,★奔驰宝马是一款非常受欢迎的休闲娱乐游戏，由4种汽车标志和2种颜色搭配组成8个下注区域。|n★开奖前预测本局跑车会停在哪种汽车标志上，汽车停止时选中的标志即为中奖标志。|n★开奖过程中连点集气按钮，可以和其他玩家共同积攒氮气，影响氮气的喷射时间。
l_car_turn_exit,返回大厅,返回大厅
l_car_turn_result_get_tip,恭喜获得,恭喜@得
l_car_turn_result_lose_tip,很遗憾，未中奖,很z憾，未中
l_car_turn_exit_tip,已下注，请等待结算后退出,已下注，等待Y算後退出!
l_car_turn_wait_tip,(参与上一轮而获得的奖励，会通过邮件发放),(⑴c上一而@得的睿透^]件l放)
l_car_turn_title,奔驰宝马,奔驰宝马
1v1房间,,
#,,
l_bettle_join,是否加入房间,是否加入房间？
l_bettle_title_rank,排名,排名
l_bettle_title_name,用户名,用户名
l_bettle_title_win,胜场,胜场
l_bettle_title_no_rank,未上榜,未上榜
l_bettle_skill_enough,在1V1PK场景中技能次数用完,技能次数已用完
l_battle_auto_open_tip,等级提示自动前往1v1提示,恭喜等级提升，立即前往1v1？
l_battle_leave_tips,1v1场离开提示,是否离开1v1场？离开后积分可参与本次结算，需点击1v1入口才可以重新进入比赛。
l_battle_buy_tips,1v1场在商店购买红宝石提示,当前已加入1v1房间，需保留{%text}赏金石。
#混沌-拉巴,,
l_hundun_rule,规则,t
l_hundun_zongyazhu,押注,押注
l_hundun_yingqu,得分,得分
l_hundun_start,开始旋转,_始旋D
l_hundun_stop,停止旋转,停止旋D
l_hundun_auto,长按自动旋转,L按幼有D
#聊天,,
l_chat_name_prompt,输入玩家名称,输入玩家名称
l_chat_msg_prompt,输入消息,输入消息
l_chat_qianming,签名：,签名：
l_chat_signature,默认签名,这家伙很懒，什么都没有留下！
l_chat_signature_limit,签名长度限制,签名过长（最多20个字）
l_chat_signature_none,签名不能为空,签名不能为空
l_chat_info_none,发送消息不能为空,发送消息不能为空
l_chat_search,搜索玩家不能为自己,搜索玩家不能为自己
l_chat_search_fail,搜索时要带区号,搜索时请带入玩家区号
l_chat_msg_limit,消息过长,消息过长（最多{%text}个字）
l_chat_send_limit,全员禁言中,全员禁言中
l_chat_send_tips1,发送失败,发送失败
l_chat_send_tips2,发消息太快,发消息太快
l_chat_send_tips3,消息太长,消息太长
l_chat_send_tips4,被禁言,被禁言
l_chat_send_condition,频道聊天限制,角色等级{%text}且VIP{%text}开启
l_chat_player_on_online,该聊天玩家未在线,该聊天玩家未在线
#,,
主线开场,,
#,,
l_main_dialog0,黑暗遮趿斯饷鳎似乎吞噬著整片大...,黑暗遮趿斯饷鳎似乎吞噬著整片大...
l_main_dialog1,播撒希望光芒的小，吸引著o档拿半U者...,播撒希望光芒的小，吸引著o档拿半U者...
l_main_dialog2,可是，那可怕的F潮尾S而至...,可是，那可怕的F潮尾S而至...
l_main_dialog3,一切，崩塌！,一切，崩塌！
l_main_dialog4,光明至此沉S，可是希望q在，U墟中的一z火T，散l著微弱的光。,光明至此沉S，可是希望q在，U墟中的一z火T，散l著微弱的光。
