屹p任毡,,
int|key,str,str
0,,
id,approach_list,award_list
"屹p任id","获取条件","奖励列表"
1,"[kill_kind_count,1,250]","[[52,100],[2,815]]"
2,"[kill_kind_count,1,300]","[[52,100],[2,875]]"
3,"[kill_kind_count,1,350]","[[52,100],[2,940]]"
4,"[kill_kind_count,1,400]","[[52,100],[2,1000]]"
5,"[kill_kind_count,1,400]","[[52,100],[201,5]]"
6,"[kill_kind_count,1,400]","[[52,100],[202,5]]"
7,"[kill_kind_count,1,450]","[[52,100],[2,1065]]"
8,"[kill_kind_count,1,450]","[[52,100],[201,5]]"
9,"[kill_kind_count,1,500]","[[52,100],[2,1125]]"
10,"[kill_kind_count,1,500]","[[52,100],[202,5]]"
11,"[kill_kind_count,1,150]","[[52,100],[2,690]]"
12,"[kill_kind_count,1,150]","[[52,100],[201,5]]"
13,"[kill_kind_count,1,200]","[[52,100],[2,750]]"
14,"[kill_kind_count,1,200]","[[52,100],[202,5]]"
15,"[kill_kind_count,1,200]","[[52,100],[201,5]]"
16,"[kill_kind_count,1,300]","[[52,100],[2,875]]"
17,"[kill_kind_count,1,300]","[[52,100],[202,5]]"
18,"[kill_kind_count,1,300]","[[52,100],[201,5]]"
19,"[kill_kind_count,1,350]","[[52,100],[2,940]]"
20,"[kill_kind_count,1,350]","[[52,100],[202,5]]"
21,"[kill_kind_count,2,100]","[[52,150],[2,2100]]"
22,"[kill_kind_count,2,100]","[[52,150],[201,7]]"
23,"[kill_kind_count,2,150]","[[52,150],[2,2400]]"
24,"[kill_kind_count,2,150]","[[52,150],[202,7]]"
25,"[kill_kind_count,2,200]","[[52,150],[2,2700]]"
26,"[kill_kind_count,2,200]","[[52,150],[201,7]]"
27,"[kill_kind_count,2,250]","[[52,150],[2,3000]]"
28,"[kill_kind_count,2,250]","[[52,150],[202,7]]"
29,"[kill_kind_count,2,300]","[[52,150],[2,3300]]"
30,"[kill_kind_count,2,400]","[[52,140],[2,3900]]"
31,"[kill_kind_count,2,400]","[[52,140],[201,7]]"
32,"[kill_kind_count,2,500]","[[52,130],[2,4500]]"
33,"[kill_kind_count,2,100]","[[52,150],[2,2100]]"
34,"[kill_kind_count,2,150]","[[52,150],[2,2400]]"
35,"[kill_kind_count,2,150]","[[52,150],[202,7]]"
36,"[kill_kind_count,2,150]","[[52,150],[201,7]]"
37,"[kill_kind_count,2,200]","[[52,150],[2,2700]]"
38,"[kill_kind_count,2,200]","[[52,150],[202,7]]"
39,"[kill_kind_count,2,250]","[[52,150],[2,3000]]"
40,"[kill_kind_count,2,250]","[[52,150],[201,7]]"
41,"[kill_kind_count,2,300]","[[52,150],[2,3300]]"
42,"[kill_kind_count,2,300]","[[52,150],[202,7]]"
43,"[kill_kind_count,2,300]","[[52,150],[201,7]]"
44,"[kill_kind_count,2,300]","[[52,150],[202,7]]"
45,"[kill_kind_count,2,300]","[[52,150],[201,7]]"
46,"[kill_kind_count,2,300]","[[52,150],[202,7]]"
47,"[kill_kind_count,2,300]","[[52,150],[201,7]]"
48,"[kill_kind_count,2,300]","[[52,150],[202,7]]"
49,"[kill_kind_count,2,300]","[[52,150],[201,7]]"
50,"[kill_kind_count,2,350]","[[52,140],[2,3600]]"
51,"[kill_kind_count,3,50]","[[52,150],[2,1995]]"
52,"[kill_kind_count,3,50]","[[52,150],[202,5]]"
53,"[kill_kind_count,3,50]","[[52,150],[201,5]]"
54,"[kill_kind_count,3,100]","[[52,150],[2,2505]]"
55,"[kill_kind_count,3,100]","[[52,150],[202,7]]"
56,"[kill_kind_count,3,150]","[[52,150],[2,3000]]"
57,"[kill_kind_count,3,150]","[[52,150],[201,7]]"
58,"[kill_kind_count,3,200]","[[52,150],[2,3495]]"
59,"[kill_kind_count,3,200]","[[52,150],[202,7]]"
60,"[kill_kind_count,3,200]","[[52,150],[201,7]]"
61,"[kill_kind_count,3,200]","[[52,150],[202,7]]"
62,"[kill_kind_count,3,250]","[[52,140],[2,4005]]"
63,"[kill_kind_count,3,50]","[[52,150],[2,1995]]"
64,"[kill_kind_count,3,50]","[[52,150],[201,5]]"
65,"[kill_kind_count,3,50]","[[52,150],[202,5]]"
66,"[kill_kind_count,3,100]","[[52,150],[2,2505]]"
67,"[kill_kind_count,3,100]","[[52,150],[201,7]]"
68,"[kill_kind_count,3,100]","[[52,150],[202,7]]"
69,"[kill_kind_count,3,150]","[[52,150],[2,3000]]"
70,"[kill_kind_count,3,150]","[[52,150],[201,7]]"
71,"[kill_kind_count,3,200]","[[52,150],[2,3495]]"
72,"[kill_kind_count,3,200]","[[52,150],[202,7]]"
73,"[kill_kind_count,3,200]","[[52,150],[201,7]]"
74,"[kill_kind_count,3,200]","[[52,150],[202,7]]"
75,"[kill_kind_count,3,200]","[[52,150],[201,7]]"
76,"[kill_kind_count,3,250]","[[52,140],[2,4005]]"
77,"[kill_kind_count,102,50]","[[52,200],[2,4775]]"
78,"[kill_kind_count,102,55]","[[52,200],[2,5000]]"
79,"[kill_kind_count,102,60]","[[52,200],[2,5225]]"
80,"[kill_kind_count,102,65]","[[52,200],[2,5450]]"
81,"[kill_kind_count,101,40]","[[52,200],[2,4450]]"
82,"[kill_kind_count,101,46]","[[52,200],[2,4750]]"
83,"[kill_kind_count,101,50]","[[52,200],[2,4950]]"
84,"[kill_kind_count,101,54]","[[52,200],[2,5150]]"
85,"[kill_kind_count,101,58]","[[52,200],[2,5350]]"
86,"[kill_kind_count,101,60]","[[52,200],[2,5450]]"
87,"[kill_kind_count,104,7]","[[52,200],[2,4450]]"
88,"[kill_kind_count,104,9]","[[52,200],[2,5000]]"
89,"[kill_kind_count,104,10]","[[52,200],[2,5275]]"
90,"[kill_kind_count,104,11]","[[52,190],[2,5550]]"
91,"[kill_kind_count,104,12]","[[52,190],[2,5825]]"
92,"[kill_kind_count,104,13]","[[52,190],[2,6100]]"
93,"[kill_kind_count,104,6]","[[52,200],[2,4175]]"
94,"[kill_kind_count,104,7]","[[52,200],[2,4450]]"
95,"[kill_kind_count,104,8]","[[52,200],[2,4725]]"
96,"[kill_kind_count,104,9]","[[52,200],[2,5000]]"
97,"[kill_kind_count,104,10]","[[52,200],[2,5275]]"
98,"[kill_kind_count,104,10]","[[52,200],[202,8]]"
99,"[kill_kind_count,104,11]","[[52,190],[2,5550]]"
100,"[kill_kind_count,104,12]","[[52,190],[2,5825]]"
101,"[kill_scene_kind_count,1002,1,100]","[[52,300],[2,2100]]"
102,"[kill_scene_kind_count,1002,1,150]","[[52,300],[2,2400]]"
103,"[kill_scene_kind_count,1002,2,50]","[[52,300],[2,2445]]"
104,"[kill_scene_kind_count,1002,2,60]","[[52,300],[2,2625]]"
105,"[kill_scene_kind_count,1002,3,45]","[[52,300],[2,2850]]"
106,"[kill_scene_kind_count,1002,3,45]","[[52,300],[202,2]]"
107,"[kill_scene_kind_count,1002,102,15]","[[52,450],[2,6125]]"
108,"[kill_scene_kind_count,1002,102,18]","[[52,450],[2,6650]]"
109,"[kill_scene_kind_count,1002,101,30]","[[52,450],[2,5845]]"
110,"[kill_scene_kind_count,1002,101,36]","[[52,450],[2,6300]]"
111,"[kill_scene_kind_count,1002,104,3]","[[52,450],[2,4550]]"
112,"[kill_scene_kind_count,1002,104,6]","[[52,450],[2,5600]]"
113,"[kill_scene_kind_count,1002,1,200]","[[52,300],[2,2700]]"
114,"[kill_scene_kind_count,1002,1,250]","[[52,300],[2,3000]]"
115,"[kill_scene_kind_count,1002,1,250]","[[52,300],[201,2]]"
116,"[kill_scene_kind_count,1002,1,270]","[[52,300],[2,3120]]"
117,"[kill_scene_kind_count,1002,1,300]","[[52,300],[2,3300]]"
118,"[kill_scene_kind_count,1002,1,300]","[[52,300],[202,2]]"
119,"[kill_scene_kind_count,1002,1,330]","[[52,300],[2,3480]]"
120,"[kill_scene_kind_count,1002,1,350]","[[52,290],[2,3600]]"
121,"[kill_scene_kind_count,1002,1,100]","[[52,300],[2,2100]]"
122,"[kill_scene_kind_count,1002,1,150]","[[52,300],[2,2400]]"
123,"[kill_scene_kind_count,1002,1,200]","[[52,300],[2,2700]]"
124,"[kill_scene_kind_count,1002,1,210]","[[52,300],[2,2760]]"
125,"[kill_scene_kind_count,1002,1,230]","[[52,300],[2,2880]]"
126,"[kill_scene_kind_count,1002,1,250]","[[52,300],[2,3000]]"
127,"[kill_scene_kind_count,1002,1,270]","[[52,300],[2,3120]]"
128,"[kill_scene_kind_count,1002,1,300]","[[52,300],[2,3300]]"
129,"[kill_scene_kind_count,1002,1,300]","[[52,300],[201,2]]"
130,"[kill_scene_kind_count,1002,1,310]","[[52,300],[2,3360]]"
131,"[kill_scene_kind_count,1002,1,330]","[[52,300],[2,3480]]"
132,"[kill_scene_kind_count,1002,1,350]","[[52,290],[2,3600]]"
133,"[kill_scene_kind_count,1002,2,65]","[[52,300],[2,2715]]"
134,"[kill_scene_kind_count,1002,2,70]","[[52,300],[2,2820]]"
135,"[kill_scene_kind_count,1002,2,75]","[[52,300],[2,2910]]"
136,"[kill_scene_kind_count,1002,2,80]","[[52,300],[2,3000]]"
137,"[kill_scene_kind_count,1002,2,85]","[[52,300],[2,3090]]"
138,"[kill_scene_kind_count,1002,2,85]","[[52,300],[202,2]]"
139,"[kill_scene_kind_count,1002,2,90]","[[52,300],[2,3195]]"
140,"[kill_scene_kind_count,1002,2,95]","[[52,300],[2,3285]]"
141,"[kill_scene_kind_count,1002,2,100]","[[52,300],[2,3375]]"
142,"[kill_scene_kind_count,1002,2,100]","[[52,300],[201,2]]"
143,"[kill_scene_kind_count,1002,2,50]","[[52,300],[2,2445]]"
144,"[kill_scene_kind_count,1002,2,60]","[[52,300],[2,2625]]"
145,"[kill_scene_kind_count,1002,2,65]","[[52,300],[2,2715]]"
146,"[kill_scene_kind_count,1002,2,65]","[[52,300],[202,2]]"
147,"[kill_scene_kind_count,1002,2,70]","[[52,300],[2,2820]]"
148,"[kill_scene_kind_count,1002,2,70]","[[52,300],[201,2]]"
149,"[kill_scene_kind_count,1002,2,75]","[[52,300],[2,2910]]"
150,"[kill_scene_kind_count,1002,2,75]","[[52,300],[202,2]]"
151,"[kill_scene_kind_count,1002,2,80]","[[52,300],[2,3000]]"
152,"[kill_scene_kind_count,1002,2,80]","[[52,300],[201,2]]"
153,"[kill_scene_kind_count,1002,2,85]","[[52,300],[2,3090]]"
154,"[kill_scene_kind_count,1002,2,85]","[[52,300],[202,2]]"
155,"[kill_scene_kind_count,1002,2,90]","[[52,300],[2,3195]]"
156,"[kill_scene_kind_count,1002,2,90]","[[52,300],[201,2]]"
157,"[kill_scene_kind_count,1002,2,95]","[[52,300],[2,3285]]"
158,"[kill_scene_kind_count,1002,2,95]","[[52,300],[202,2]]"
159,"[kill_scene_kind_count,1002,2,100]","[[52,300],[2,3375]]"
160,"[kill_scene_kind_count,1002,2,100]","[[52,300],[201,2]]"
161,"[kill_scene_kind_count,1002,3,45]","[[52,300],[201,2]]"
162,"[kill_scene_kind_count,1002,3,55]","[[52,300],[2,3150]]"
163,"[kill_scene_kind_count,1002,3,55]","[[52,300],[202,2]]"
164,"[kill_scene_kind_count,1002,3,55]","[[52,300],[201,2]]"
165,"[kill_scene_kind_count,1002,3,60]","[[52,300],[2,3300]]"
166,"[kill_scene_kind_count,1002,3,60]","[[52,300],[202,2]]"
167,"[kill_scene_kind_count,1002,3,60]","[[52,300],[201,2]]"
168,"[kill_scene_kind_count,1002,3,65]","[[52,300],[2,3450]]"
169,"[kill_scene_kind_count,1002,3,65]","[[52,300],[202,2]]"
170,"[kill_scene_kind_count,1002,3,65]","[[52,300],[201,2]]"
171,"[kill_scene_kind_count,1002,3,30]","[[52,300],[2,2400]]"
172,"[kill_scene_kind_count,1002,3,35]","[[52,300],[2,2550]]"
173,"[kill_scene_kind_count,1002,3,35]","[[52,300],[202,2]]"
174,"[kill_scene_kind_count,1002,3,40]","[[52,300],[2,2700]]"
175,"[kill_scene_kind_count,1002,3,40]","[[52,300],[201,2]]"
176,"[kill_scene_kind_count,1002,3,45]","[[52,300],[2,2850]]"
177,"[kill_scene_kind_count,1002,3,45]","[[52,300],[202,2]]"
178,"[kill_scene_kind_count,1002,3,45]","[[52,300],[201,2]]"
179,"[kill_scene_kind_count,1002,3,50]","[[52,300],[2,3000]]"
180,"[kill_scene_kind_count,1002,3,50]","[[52,300],[202,2]]"
181,"[kill_scene_kind_count,1002,3,55]","[[52,300],[2,3150]]"
182,"[kill_scene_kind_count,1002,3,55]","[[52,300],[201,2]]"
183,"[kill_scene_kind_count,1002,3,60]","[[52,300],[2,3300]]"
184,"[kill_scene_kind_count,1002,3,60]","[[52,300],[202,2]]"
185,"[kill_scene_kind_count,1002,3,60]","[[52,300],[201,2]]"
186,"[kill_scene_kind_count,1002,3,60]","[[52,300],[202,2]]"
187,"[kill_scene_kind_count,1002,102,20]","[[52,450],[2,7000]]"
188,"[kill_scene_kind_count,1002,102,23]","[[52,440],[2,7525]]"
189,"[kill_scene_kind_count,1002,102,25]","[[52,440],[2,7875]]"
190,"[kill_scene_kind_count,1002,101,42]","[[52,450],[2,6755]]"
191,"[kill_scene_kind_count,1002,101,48]","[[52,450],[2,7245]]"
192,"[kill_scene_kind_count,1002,101,54]","[[52,440],[2,7700]]"
193,"[kill_scene_kind_count,1002,101,60]","[[52,440],[2,8155]]"
194,"[kill_scene_kind_count,1002,104,6]","[[52,450],[2,5600]]"
195,"[kill_scene_kind_count,1002,104,9]","[[52,450],[2,6650]]"
196,"[kill_scene_kind_count,1002,104,12]","[[52,440],[2,7700]]"
197,"[kill_scene_kind_count,1002,104,15]","[[52,430],[2,8750]]"
198,"[kill_scene_kind_count,1002,104,6]","[[52,450],[201,3]]"
199,"[kill_scene_kind_count,1002,104,9]","[[52,450],[2,6650]]"
200,"[kill_scene_kind_count,1002,104,12]","[[52,440],[2,7700]]"
201,"[kill_scene_kind_count,1002,104,15]","[[52,430],[2,8750]]"
202,"[kill_scene_kind_count,1002,104,7]","[[52,450],[2,6755]]"
203,"[kill_scene_kind_count,1002,104,8]","[[52,450],[2,7245]]"
204,"[kill_scene_kind_count,1002,104,6]","[[52,450],[2,6300]]"
205,"[kill_scene_kind_count,1002,104,9]","[[52,440],[2,7700]]"
206,"[kill_scene_kind_count,1002,1,100]","[[52,200],[2,3500]]"
207,"[kill_scene_kind_count,1002,1,150]","[[52,200],[2,4000]]"
208,"[kill_scene_kind_count,1002,1,200]","[[52,200],[2,4500]]"
209,"[kill_scene_kind_count,1002,1,250]","[[52,200],[2,5000]]"
210,"[kill_scene_kind_count,1002,1,250]","[[52,200],[201,3]]"
211,"[kill_scene_kind_count,1002,1,270]","[[52,200],[2,5200]]"
212,"[kill_scene_kind_count,1002,1,300]","[[52,190],[2,5500]]"
213,"[kill_scene_kind_count,1002,1,300]","[[52,190],[202,3]]"
214,"[kill_scene_kind_count,1002,1,330]","[[52,190],[2,5800]]"
215,"[kill_scene_kind_count,1002,1,350]","[[52,190],[2,6000]]"
216,"[kill_scene_kind_count,1002,1,100]","[[52,200],[2,3500]]"
217,"[kill_scene_kind_count,1002,1,150]","[[52,200],[2,4000]]"
218,"[kill_scene_kind_count,1002,1,200]","[[52,200],[2,4500]]"
219,"[kill_scene_kind_count,1002,1,210]","[[52,200],[2,4600]]"
220,"[kill_scene_kind_count,1002,1,230]","[[52,200],[2,4800]]"
221,"[kill_scene_kind_count,1002,1,250]","[[52,200],[2,5000]]"
222,"[kill_scene_kind_count,1002,1,270]","[[52,200],[2,5200]]"
223,"[kill_scene_kind_count,1002,1,300]","[[52,190],[2,5500]]"
224,"[kill_scene_kind_count,1002,1,300]","[[52,190],[201,3]]"
225,"[kill_scene_kind_count,1002,1,310]","[[52,190],[2,5600]]"
226,"[kill_scene_kind_count,1002,1,330]","[[52,190],[2,5800]]"
227,"[kill_scene_kind_count,1002,1,350]","[[52,190],[2,6000]]"
228,"[kill_scene_kind_count,1002,2,50]","[[52,200],[2,4075]]"
229,"[kill_scene_kind_count,1002,2,60]","[[52,200],[2,4375]]"
230,"[kill_scene_kind_count,1002,2,65]","[[52,200],[2,4525]]"
231,"[kill_scene_kind_count,1002,2,70]","[[52,200],[2,4700]]"
232,"[kill_scene_kind_count,1002,2,75]","[[52,200],[2,4850]]"
233,"[kill_scene_kind_count,1002,2,80]","[[52,200],[2,5000]]"
234,"[kill_scene_kind_count,1002,2,85]","[[52,200],[2,5150]]"
235,"[kill_scene_kind_count,1002,2,85]","[[52,200],[202,3]]"
236,"[kill_scene_kind_count,1002,2,90]","[[52,200],[2,5325]]"
237,"[kill_scene_kind_count,1002,2,95]","[[52,200],[2,5475]]"
238,"[kill_scene_kind_count,1002,2,100]","[[52,190],[2,5625]]"
239,"[kill_scene_kind_count,1002,2,100]","[[52,190],[201,3]]"
240,"[kill_scene_kind_count,1002,2,50]","[[52,200],[2,4075]]"
241,"[kill_scene_kind_count,1002,2,60]","[[52,200],[2,4375]]"
242,"[kill_scene_kind_count,1002,2,65]","[[52,200],[2,4525]]"
243,"[kill_scene_kind_count,1002,2,65]","[[52,200],[202,3]]"
244,"[kill_scene_kind_count,1002,2,70]","[[52,200],[2,4700]]"
245,"[kill_scene_kind_count,1002,2,70]","[[52,200],[201,3]]"
246,"[kill_scene_kind_count,1002,2,75]","[[52,200],[2,4850]]"
247,"[kill_scene_kind_count,1002,2,75]","[[52,200],[202,3]]"
248,"[kill_scene_kind_count,1002,2,80]","[[52,200],[2,5000]]"
249,"[kill_scene_kind_count,1002,2,80]","[[52,200],[201,3]]"
250,"[kill_scene_kind_count,1002,2,85]","[[52,200],[2,5150]]"
251,"[kill_scene_kind_count,1002,2,85]","[[52,200],[202,3]]"
252,"[kill_scene_kind_count,1002,2,90]","[[52,200],[2,5325]]"
253,"[kill_scene_kind_count,1002,2,90]","[[52,200],[201,3]]"
254,"[kill_scene_kind_count,1002,2,95]","[[52,200],[2,5475]]"
255,"[kill_scene_kind_count,1002,2,95]","[[52,200],[202,3]]"
256,"[kill_scene_kind_count,1002,2,100]","[[52,190],[2,5625]]"
257,"[kill_scene_kind_count,1002,2,100]","[[52,190],[201,3]]"
258,"[kill_scene_kind_count,1002,3,45]","[[52,200],[2,4750]]"
259,"[kill_scene_kind_count,1002,3,45]","[[52,200],[202,3]]"
260,"[kill_scene_kind_count,1002,3,45]","[[52,200],[201,3]]"
261,"[kill_scene_kind_count,1002,3,55]","[[52,200],[2,5250]]"
262,"[kill_scene_kind_count,1002,3,55]","[[52,200],[202,3]]"
263,"[kill_scene_kind_count,1002,3,55]","[[52,200],[201,3]]"
264,"[kill_scene_kind_count,1002,3,60]","[[52,190],[2,5500]]"
265,"[kill_scene_kind_count,1002,3,60]","[[52,190],[202,3]]"
266,"[kill_scene_kind_count,1002,3,60]","[[52,190],[201,3]]"
267,"[kill_scene_kind_count,1002,3,65]","[[52,190],[2,5750]]"
268,"[kill_scene_kind_count,1002,3,65]","[[52,190],[202,3]]"
269,"[kill_scene_kind_count,1002,3,65]","[[52,190],[201,3]]"
270,"[kill_scene_kind_count,1002,3,30]","[[52,200],[2,4000]]"
271,"[kill_scene_kind_count,1002,3,35]","[[52,200],[2,4250]]"
272,"[kill_scene_kind_count,1002,3,35]","[[52,200],[202,3]]"
273,"[kill_scene_kind_count,1002,3,40]","[[52,200],[2,4500]]"
274,"[kill_scene_kind_count,1002,3,40]","[[52,200],[201,3]]"
275,"[kill_scene_kind_count,1002,3,45]","[[52,200],[2,4750]]"
276,"[kill_scene_kind_count,1002,3,45]","[[52,200],[202,3]]"
277,"[kill_scene_kind_count,1002,3,45]","[[52,200],[201,3]]"
278,"[kill_scene_kind_count,1002,3,50]","[[52,200],[2,5000]]"
279,"[kill_scene_kind_count,1002,3,50]","[[52,200],[202,3]]"
280,"[kill_scene_kind_count,1002,3,55]","[[52,200],[2,5250]]"
281,"[kill_scene_kind_count,1002,3,55]","[[52,200],[201,3]]"
282,"[kill_scene_kind_count,1002,3,60]","[[52,190],[2,5500]]"
283,"[kill_scene_kind_count,1002,3,60]","[[52,190],[202,3]]"
284,"[kill_scene_kind_count,1002,3,60]","[[52,190],[201,3]]"
285,"[kill_scene_kind_count,1002,3,60]","[[52,190],[202,3]]"
286,"[kill_scene_kind_count,1002,102,15]","[[52,350],[2,8750]]"
287,"[kill_scene_kind_count,1002,102,18]","[[52,350],[2,9500]]"
288,"[kill_scene_kind_count,1002,102,20]","[[52,350],[2,10000]]"
289,"[kill_scene_kind_count,1002,102,23]","[[52,340],[2,10750]]"
290,"[kill_scene_kind_count,1002,102,25]","[[52,340],[2,11250]]"
291,"[kill_scene_kind_count,1002,101,30]","[[52,350],[2,8350]]"
292,"[kill_scene_kind_count,1002,101,36]","[[52,350],[2,9000]]"
293,"[kill_scene_kind_count,1002,101,42]","[[52,350],[2,9650]]"
294,"[kill_scene_kind_count,1002,101,48]","[[52,350],[2,10350]]"
295,"[kill_scene_kind_count,1002,101,54]","[[52,340],[2,11000]]"
296,"[kill_scene_kind_count,1002,101,60]","[[52,330],[2,11650]]"
297,"[kill_scene_kind_count,1002,104,6]","[[52,350],[2,8350]]"
298,"[kill_scene_kind_count,1002,104,9]","[[52,350],[2,10000]]"
299,"[kill_scene_kind_count,1002,104,12]","[[52,330],[2,11650]]"
300,"[kill_scene_kind_count,1002,104,15]","[[52,320],[2,13350]]"
301,"[kill_scene_kind_count,1002,104,3]","[[52,350],[2,6650]]"
302,"[kill_scene_kind_count,1002,104,6]","[[52,350],[2,8350]]"
303,"[kill_scene_kind_count,1002,104,6]","[[52,350],[201,5]]"
304,"[kill_scene_kind_count,1002,104,9]","[[52,350],[2,10000]]"
305,"[kill_scene_kind_count,1002,104,12]","[[52,330],[2,11650]]"
306,"[kill_scene_kind_count,1002,104,15]","[[52,320],[2,13350]]"
307,"[kill_scene_kind_count,1002,104,7]","[[52,350],[2,9650]]"
308,"[kill_scene_kind_count,1002,104,8]","[[52,350],[2,10350]]"
309,"[kill_scene_kind_count,1002,104,6]","[[52,350],[2,9000]]"
310,"[kill_scene_kind_count,1002,104,9]","[[52,340],[2,11000]]"
311,"[kill_scene_kind_count,1002,1,100]","[[52,100],[2,5600]]"
312,"[kill_scene_kind_count,1002,1,150]","[[52,100],[2,6400]]"
313,"[kill_scene_kind_count,1002,1,200]","[[52,100],[2,7200]]"
314,"[kill_scene_kind_count,1002,1,250]","[[52,100],[2,8000]]"
315,"[kill_scene_kind_count,1002,1,250]","[[52,100],[201,4]]"
316,"[kill_scene_kind_count,1002,1,270]","[[52,100],[2,8320]]"
317,"[kill_scene_kind_count,1002,1,300]","[[52,90],[2,8800]]"
318,"[kill_scene_kind_count,1002,1,300]","[[52,90],[202,5]]"
319,"[kill_scene_kind_count,1002,1,330]","[[52,90],[2,9280]]"
320,"[kill_scene_kind_count,1002,1,350]","[[52,80],[2,9600]]"
321,"[kill_scene_kind_count,1002,1,100]","[[52,100],[2,5600]]"
322,"[kill_scene_kind_count,1002,1,150]","[[52,100],[2,6400]]"
323,"[kill_scene_kind_count,1002,1,200]","[[52,100],[2,7200]]"
324,"[kill_scene_kind_count,1002,1,210]","[[52,100],[2,7360]]"
325,"[kill_scene_kind_count,1002,1,230]","[[52,100],[2,7680]]"
326,"[kill_scene_kind_count,1002,1,250]","[[52,100],[2,8000]]"
327,"[kill_scene_kind_count,1002,1,270]","[[52,100],[2,8320]]"
328,"[kill_scene_kind_count,1002,1,300]","[[52,90],[2,8800]]"
329,"[kill_scene_kind_count,1002,1,300]","[[52,90],[201,5]]"
330,"[kill_scene_kind_count,1002,1,310]","[[52,90],[2,8960]]"
331,"[kill_scene_kind_count,1002,1,330]","[[52,90],[2,9280]]"
332,"[kill_scene_kind_count,1002,1,350]","[[52,80],[2,9600]]"
333,"[kill_scene_kind_count,1002,2,50]","[[52,100],[2,6520]]"
334,"[kill_scene_kind_count,1002,2,60]","[[52,100],[2,7000]]"
335,"[kill_scene_kind_count,1002,2,65]","[[52,100],[2,7240]]"
336,"[kill_scene_kind_count,1002,2,70]","[[52,100],[2,7520]]"
337,"[kill_scene_kind_count,1002,2,75]","[[52,100],[2,7760]]"
338,"[kill_scene_kind_count,1002,2,80]","[[52,100],[2,8000]]"
339,"[kill_scene_kind_count,1002,2,85]","[[52,100],[2,8240]]"
340,"[kill_scene_kind_count,1002,2,85]","[[52,100],[202,5]]"
341,"[kill_scene_kind_count,1002,2,90]","[[52,90],[2,8520]]"
342,"[kill_scene_kind_count,1002,2,95]","[[52,90],[2,8760]]"
343,"[kill_scene_kind_count,1002,2,100]","[[52,90],[2,9000]]"
344,"[kill_scene_kind_count,1002,2,100]","[[52,90],[201,5]]"
345,"[kill_scene_kind_count,1002,2,50]","[[52,100],[2,6520]]"
346,"[kill_scene_kind_count,1002,2,60]","[[52,100],[2,7000]]"
347,"[kill_scene_kind_count,1002,2,65]","[[52,100],[2,7240]]"
348,"[kill_scene_kind_count,1002,2,65]","[[52,100],[202,4]]"
349,"[kill_scene_kind_count,1002,2,70]","[[52,100],[2,7520]]"
350,"[kill_scene_kind_count,1002,2,70]","[[52,100],[201,4]]"
351,"[kill_scene_kind_count,1002,2,75]","[[52,100],[2,7760]]"
352,"[kill_scene_kind_count,1002,2,75]","[[52,100],[202,4]]"
353,"[kill_scene_kind_count,1002,2,80]","[[52,100],[2,8000]]"
354,"[kill_scene_kind_count,1002,2,80]","[[52,100],[201,4]]"
355,"[kill_scene_kind_count,1002,2,85]","[[52,100],[2,8240]]"
356,"[kill_scene_kind_count,1002,2,85]","[[52,100],[202,5]]"
357,"[kill_scene_kind_count,1002,2,90]","[[52,90],[2,8520]]"
358,"[kill_scene_kind_count,1002,2,90]","[[52,90],[201,5]]"
359,"[kill_scene_kind_count,1002,2,95]","[[52,90],[2,8760]]"
360,"[kill_scene_kind_count,1002,2,95]","[[52,90],[202,5]]"
361,"[kill_scene_kind_count,1002,2,100]","[[52,90],[2,9000]]"
362,"[kill_scene_kind_count,1002,2,100]","[[52,90],[201,5]]"
363,"[kill_scene_kind_count,1002,3,45]","[[52,100],[2,7600]]"
364,"[kill_scene_kind_count,1002,3,45]","[[52,100],[202,4]]"
365,"[kill_scene_kind_count,1002,3,45]","[[52,100],[201,4]]"
366,"[kill_scene_kind_count,1002,3,55]","[[52,100],[2,8400]]"
367,"[kill_scene_kind_count,1002,3,55]","[[52,100],[202,5]]"
368,"[kill_scene_kind_count,1002,3,55]","[[52,100],[201,5]]"
369,"[kill_scene_kind_count,1002,3,60]","[[52,90],[2,8800]]"
370,"[kill_scene_kind_count,1002,3,60]","[[52,90],[202,5]]"
371,"[kill_scene_kind_count,1002,3,60]","[[52,90],[201,5]]"
372,"[kill_scene_kind_count,1002,3,65]","[[52,90],[2,9200]]"
373,"[kill_scene_kind_count,1002,3,65]","[[52,90],[202,5]]"
374,"[kill_scene_kind_count,1002,3,65]","[[52,90],[201,5]]"
375,"[kill_scene_kind_count,1002,3,30]","[[52,100],[2,6400]]"
376,"[kill_scene_kind_count,1002,3,35]","[[52,100],[2,6800]]"
377,"[kill_scene_kind_count,1002,3,35]","[[52,100],[202,4]]"
378,"[kill_scene_kind_count,1002,3,40]","[[52,100],[2,7200]]"
379,"[kill_scene_kind_count,1002,3,40]","[[52,100],[201,4]]"
380,"[kill_scene_kind_count,1002,3,45]","[[52,100],[2,7600]]"
381,"[kill_scene_kind_count,1002,3,45]","[[52,100],[202,4]]"
382,"[kill_scene_kind_count,1002,3,45]","[[52,100],[201,4]]"
383,"[kill_scene_kind_count,1002,3,50]","[[52,100],[2,8000]]"
384,"[kill_scene_kind_count,1002,3,50]","[[52,100],[202,4]]"
385,"[kill_scene_kind_count,1002,3,55]","[[52,100],[2,8400]]"
386,"[kill_scene_kind_count,1002,3,55]","[[52,100],[201,5]]"
387,"[kill_scene_kind_count,1002,3,60]","[[52,90],[2,8800]]"
388,"[kill_scene_kind_count,1002,3,60]","[[52,90],[202,5]]"
389,"[kill_scene_kind_count,1002,3,60]","[[52,90],[201,5]]"
390,"[kill_scene_kind_count,1002,3,60]","[[52,90],[202,5]]"
391,"[kill_scene_kind_count,1002,102,15]","[[52,250],[2,13125]]"
392,"[kill_scene_kind_count,1002,102,18]","[[52,250],[2,14250]]"
393,"[kill_scene_kind_count,1002,102,20]","[[52,250],[2,15000]]"
394,"[kill_scene_kind_count,1002,102,23]","[[52,240],[2,16125]]"
395,"[kill_scene_kind_count,1002,102,25]","[[52,230],[2,16875]]"
396,"[kill_scene_kind_count,1002,101,30]","[[52,250],[2,12525]]"
397,"[kill_scene_kind_count,1002,101,36]","[[52,250],[2,13500]]"
398,"[kill_scene_kind_count,1002,101,42]","[[52,250],[2,14475]]"
399,"[kill_scene_kind_count,1002,101,48]","[[52,240],[2,15525]]"
400,"[kill_scene_kind_count,1002,101,54]","[[52,230],[2,16500]]"
401,"[kill_scene_kind_count,1002,101,60]","[[52,230],[2,17475]]"
402,"[kill_scene_kind_count,1002,104,6]","[[52,250],[2,12525]]"
403,"[kill_scene_kind_count,1002,104,9]","[[52,250],[2,15000]]"
404,"[kill_scene_kind_count,1002,104,12]","[[52,230],[2,17475]]"
405,"[kill_scene_kind_count,1002,104,15]","[[52,200],[2,20025]]"
406,"[kill_scene_kind_count,1002,104,3]","[[52,250],[2,9975]]"
407,"[kill_scene_kind_count,1002,104,6]","[[52,250],[2,12525]]"
408,"[kill_scene_kind_count,1002,104,6]","[[52,250],[201,7]]"
409,"[kill_scene_kind_count,1002,104,9]","[[52,250],[2,15000]]"
410,"[kill_scene_kind_count,1002,104,12]","[[52,230],[2,17475]]"
411,"[kill_scene_kind_count,1002,104,15]","[[52,200],[2,20025]]"
412,"[kill_scene_kind_count,1002,104,7]","[[52,250],[2,14475]]"
413,"[kill_scene_kind_count,1002,104,8]","[[52,240],[2,15525]]"
414,"[kill_scene_kind_count,1002,104,6]","[[52,250],[2,13500]]"
415,"[kill_scene_kind_count,1002,104,9]","[[52,230],[2,16500]]"
416,"[kill_scene_kind_count,1003,1,100]","[[52,450],[2,7000]]"
417,"[kill_scene_kind_count,1003,1,200]","[[52,450],[2,9000]]"
418,"[kill_scene_kind_count,1003,2,50]","[[52,450],[2,8150]]"
419,"[kill_scene_kind_count,1003,2,60]","[[52,450],[2,8750]]"
420,"[kill_scene_kind_count,1003,3,30]","[[52,450],[2,8000]]"
421,"[kill_scene_kind_count,1003,3,35]","[[52,450],[2,8500]]"
422,"[kill_scene_kind_count,1003,102,15]","[[52,600],[2,26250]]"
423,"[kill_scene_kind_count,1003,102,18]","[[52,600],[2,28500]]"
424,"[kill_scene_kind_count,1003,101,20]","[[52,600],[2,25650]]"
425,"[kill_scene_kind_count,1003,101,25]","[[52,600],[2,28350]]"
426,"[kill_scene_kind_count,1003,104,5]","[[52,800],[2,39000]]"
427,"[kill_scene_kind_count,1003,104,7]","[[52,800],[2,44500]]"
428,"[kill_scene_kind_count,1003,1,200]","[[52,450],[201,5]]"
429,"[kill_scene_kind_count,1003,1,250]","[[52,450],[2,10000]]"
430,"[kill_scene_kind_count,1003,1,250]","[[52,450],[202,5]]"
431,"[kill_scene_kind_count,1003,1,300]","[[52,440],[2,11000]]"
432,"[kill_scene_kind_count,1003,1,300]","[[52,440],[201,6]]"
433,"[kill_scene_kind_count,1003,1,350]","[[52,430],[2,12000]]"
434,"[kill_scene_kind_count,1003,1,350]","[[52,430],[202,6]]"
435,"[kill_scene_kind_count,1003,1,350]","[[52,430],[201,6]]"
436,"[kill_scene_kind_count,1003,1,100]","[[52,450],[2,7000]]"
437,"[kill_scene_kind_count,1003,1,100]","[[52,450],[202,4]]"
438,"[kill_scene_kind_count,1003,1,200]","[[52,450],[2,9000]]"
439,"[kill_scene_kind_count,1003,1,200]","[[52,450],[201,5]]"
440,"[kill_scene_kind_count,1003,1,200]","[[52,450],[202,5]]"
441,"[kill_scene_kind_count,1003,1,250]","[[52,450],[2,10000]]"
442,"[kill_scene_kind_count,1003,1,250]","[[52,450],[201,5]]"
443,"[kill_scene_kind_count,1003,1,250]","[[52,450],[202,5]]"
444,"[kill_scene_kind_count,1003,1,300]","[[52,440],[2,11000]]"
445,"[kill_scene_kind_count,1003,1,300]","[[52,440],[201,6]]"
446,"[kill_scene_kind_count,1003,1,350]","[[52,430],[2,12000]]"
447,"[kill_scene_kind_count,1003,1,350]","[[52,430],[202,6]]"
448,"[kill_scene_kind_count,1003,2,65]","[[52,450],[2,9050]]"
449,"[kill_scene_kind_count,1003,2,70]","[[52,450],[2,9400]]"
450,"[kill_scene_kind_count,1003,2,75]","[[52,450],[2,9700]]"
451,"[kill_scene_kind_count,1003,2,80]","[[52,450],[2,10000]]"
452,"[kill_scene_kind_count,1003,2,85]","[[52,450],[2,10300]]"
453,"[kill_scene_kind_count,1003,2,90]","[[52,440],[2,10650]]"
454,"[kill_scene_kind_count,1003,2,95]","[[52,440],[2,10950]]"
455,"[kill_scene_kind_count,1003,2,100]","[[52,440],[2,11250]]"
456,"[kill_scene_kind_count,1003,2,100]","[[52,440],[201,6]]"
457,"[kill_scene_kind_count,1003,2,100]","[[52,440],[202,6]]"
458,"[kill_scene_kind_count,1003,2,50]","[[52,450],[2,8150]]"
459,"[kill_scene_kind_count,1003,2,52]","[[52,450],[2,8250]]"
460,"[kill_scene_kind_count,1003,2,55]","[[52,450],[2,8450]]"
461,"[kill_scene_kind_count,1003,2,60]","[[52,450],[2,8750]]"
462,"[kill_scene_kind_count,1003,2,62]","[[52,450],[2,8900]]"
463,"[kill_scene_kind_count,1003,2,65]","[[52,450],[2,9050]]"
464,"[kill_scene_kind_count,1003,2,70]","[[52,450],[2,9400]]"
465,"[kill_scene_kind_count,1003,2,75]","[[52,450],[2,9700]]"
466,"[kill_scene_kind_count,1003,2,75]","[[52,450],[201,5]]"
467,"[kill_scene_kind_count,1003,2,80]","[[52,450],[2,10000]]"
468,"[kill_scene_kind_count,1003,2,82]","[[52,450],[2,10150]]"
469,"[kill_scene_kind_count,1003,2,85]","[[52,450],[2,10300]]"
470,"[kill_scene_kind_count,1003,2,90]","[[52,440],[2,10650]]"
471,"[kill_scene_kind_count,1003,2,92]","[[52,440],[2,10750]]"
472,"[kill_scene_kind_count,1003,2,95]","[[52,440],[2,10950]]"
473,"[kill_scene_kind_count,1003,2,100]","[[52,440],[2,11250]]"
474,"[kill_scene_kind_count,1003,2,100]","[[52,440],[202,6]]"
475,"[kill_scene_kind_count,1003,2,100]","[[52,440],[201,6]]"
476,"[kill_scene_kind_count,1003,3,40]","[[52,450],[2,9000]]"
477,"[kill_scene_kind_count,1003,3,45]","[[52,450],[2,9500]]"
478,"[kill_scene_kind_count,1003,3,50]","[[52,450],[2,10000]]"
479,"[kill_scene_kind_count,1003,3,50]","[[52,450],[202,5]]"
480,"[kill_scene_kind_count,1003,3,55]","[[52,440],[2,10500]]"
481,"[kill_scene_kind_count,1003,3,55]","[[52,440],[201,6]]"
482,"[kill_scene_kind_count,1003,3,55]","[[52,440],[202,6]]"
483,"[kill_scene_kind_count,1003,3,60]","[[52,440],[2,11000]]"
484,"[kill_scene_kind_count,1003,3,60]","[[52,440],[201,6]]"
485,"[kill_scene_kind_count,1003,3,65]","[[52,430],[2,11500]]"
486,"[kill_scene_kind_count,1003,3,30]","[[52,450],[2,8000]]"
487,"[kill_scene_kind_count,1003,3,35]","[[52,450],[2,8500]]"
488,"[kill_scene_kind_count,1003,3,40]","[[52,450],[2,9000]]"
489,"[kill_scene_kind_count,1003,3,45]","[[52,450],[2,9500]]"
490,"[kill_scene_kind_count,1003,3,45]","[[52,450],[202,5]]"
491,"[kill_scene_kind_count,1003,3,50]","[[52,450],[2,10000]]"
492,"[kill_scene_kind_count,1003,3,50]","[[52,450],[201,5]]"
493,"[kill_scene_kind_count,1003,3,50]","[[52,450],[202,5]]"
494,"[kill_scene_kind_count,1003,3,53]","[[52,450],[2,10300]]"
495,"[kill_scene_kind_count,1003,3,53]","[[52,450],[201,6]]"
496,"[kill_scene_kind_count,1003,3,55]","[[52,440],[2,10500]]"
497,"[kill_scene_kind_count,1003,3,55]","[[52,440],[202,6]]"
498,"[kill_scene_kind_count,1003,3,55]","[[52,440],[201,6]]"
499,"[kill_scene_kind_count,1003,3,60]","[[52,440],[2,11000]]"
500,"[kill_scene_kind_count,1003,3,60]","[[52,440],[202,6]]"
501,"[kill_scene_kind_count,1003,3,60]","[[52,440],[201,6]]"
502,"[kill_scene_kind_count,1003,102,20]","[[52,600],[2,30000]]"
503,"[kill_scene_kind_count,1003,102,23]","[[52,580],[2,32250]]"
504,"[kill_scene_kind_count,1003,102,25]","[[52,560],[2,33750]]"
505,"[kill_scene_kind_count,1003,101,30]","[[52,590],[2,31050]]"
506,"[kill_scene_kind_count,1003,101,35]","[[52,560],[2,33750]]"
507,"[kill_scene_kind_count,1003,104,10]","[[52,770],[2,52750]]"
508,"[kill_scene_kind_count,1003,104,15]","[[52,630],[2,66750]]"
509,"[kill_scene_kind_count,1003,104,5]","[[52,800],[2,39000]]"
510,"[kill_scene_kind_count,1003,104,7]","[[52,800],[2,44500]]"
511,"[kill_scene_kind_count,1003,104,7]","[[52,800],[202,23]]"
512,"[kill_scene_kind_count,1003,104,10]","[[52,770],[2,52750]]"
513,"[kill_scene_kind_count,1003,104,10]","[[52,770],[201,27]]"
514,"[kill_scene_kind_count,1003,104,15]","[[52,630],[2,66750]]"
515,"[kill_scene_kind_count,1003,104,10]","[[52,770],[2,52750]]"
516,"[kill_scene_kind_count,1003,104,12]","[[52,720],[2,58250]]"
517,"[kill_scene_kind_count,1003,104,6]","[[52,800],[2,41750]]"
518,"[kill_scene_kind_count,1003,104,10]","[[52,770],[2,52750]]"
519,"[kill_scene_kind_count,1003,104,6]","[[52,800],[2,41750]]"
520,"[kill_scene_kind_count,1003,104,10]","[[52,770],[2,52750]]"
521,"[kill_scene_kind_count,1003,1,100]","[[52,350],[2,10500]]"
522,"[kill_scene_kind_count,1003,1,200]","[[52,350],[2,13500]]"
523,"[kill_scene_kind_count,1003,1,200]","[[52,350],[201,7]]"
524,"[kill_scene_kind_count,1003,1,250]","[[52,350],[2,15000]]"
525,"[kill_scene_kind_count,1003,1,250]","[[52,350],[202,8]]"
526,"[kill_scene_kind_count,1003,1,300]","[[52,330],[2,16500]]"
527,"[kill_scene_kind_count,1003,1,300]","[[52,330],[201,9]]"
528,"[kill_scene_kind_count,1003,1,350]","[[52,320],[2,18000]]"
529,"[kill_scene_kind_count,1003,1,350]","[[52,320],[202,9]]"
530,"[kill_scene_kind_count,1003,1,350]","[[52,320],[201,9]]"
531,"[kill_scene_kind_count,1003,1,100]","[[52,350],[2,10500]]"
532,"[kill_scene_kind_count,1003,1,100]","[[52,350],[202,6]]"
533,"[kill_scene_kind_count,1003,1,200]","[[52,350],[2,13500]]"
534,"[kill_scene_kind_count,1003,1,200]","[[52,350],[201,7]]"
535,"[kill_scene_kind_count,1003,1,200]","[[52,350],[202,7]]"
536,"[kill_scene_kind_count,1003,1,250]","[[52,350],[2,15000]]"
537,"[kill_scene_kind_count,1003,1,250]","[[52,350],[201,8]]"
538,"[kill_scene_kind_count,1003,1,250]","[[52,350],[202,8]]"
539,"[kill_scene_kind_count,1003,1,300]","[[52,330],[2,16500]]"
540,"[kill_scene_kind_count,1003,1,300]","[[52,330],[201,9]]"
541,"[kill_scene_kind_count,1003,1,350]","[[52,320],[2,18000]]"
542,"[kill_scene_kind_count,1003,1,350]","[[52,320],[202,9]]"
543,"[kill_scene_kind_count,1003,2,50]","[[52,350],[2,12225]]"
544,"[kill_scene_kind_count,1003,2,60]","[[52,350],[2,13125]]"
545,"[kill_scene_kind_count,1003,2,65]","[[52,350],[2,13575]]"
546,"[kill_scene_kind_count,1003,2,70]","[[52,350],[2,14100]]"
547,"[kill_scene_kind_count,1003,2,75]","[[52,350],[2,14550]]"
548,"[kill_scene_kind_count,1003,2,80]","[[52,350],[2,15000]]"
549,"[kill_scene_kind_count,1003,2,85]","[[52,350],[2,15450]]"
550,"[kill_scene_kind_count,1003,2,90]","[[52,340],[2,15975]]"
551,"[kill_scene_kind_count,1003,2,95]","[[52,340],[2,16425]]"
552,"[kill_scene_kind_count,1003,2,100]","[[52,330],[2,16875]]"
553,"[kill_scene_kind_count,1003,2,100]","[[52,330],[201,9]]"
554,"[kill_scene_kind_count,1003,2,100]","[[52,330],[202,9]]"
555,"[kill_scene_kind_count,1003,2,50]","[[52,350],[2,12225]]"
556,"[kill_scene_kind_count,1003,2,52]","[[52,350],[2,12375]]"
557,"[kill_scene_kind_count,1003,2,55]","[[52,350],[2,12675]]"
558,"[kill_scene_kind_count,1003,2,60]","[[52,350],[2,13125]]"
559,"[kill_scene_kind_count,1003,2,62]","[[52,350],[2,13350]]"
560,"[kill_scene_kind_count,1003,2,65]","[[52,350],[2,13575]]"
561,"[kill_scene_kind_count,1003,2,70]","[[52,350],[2,14100]]"
562,"[kill_scene_kind_count,1003,2,75]","[[52,350],[2,14550]]"
563,"[kill_scene_kind_count,1003,2,75]","[[52,350],[201,8]]"
564,"[kill_scene_kind_count,1003,2,80]","[[52,350],[2,15000]]"
565,"[kill_scene_kind_count,1003,2,82]","[[52,350],[2,15225]]"
566,"[kill_scene_kind_count,1003,2,85]","[[52,350],[2,15450]]"
567,"[kill_scene_kind_count,1003,2,90]","[[52,340],[2,15975]]"
568,"[kill_scene_kind_count,1003,2,92]","[[52,340],[2,16125]]"
569,"[kill_scene_kind_count,1003,2,95]","[[52,340],[2,16425]]"
570,"[kill_scene_kind_count,1003,2,100]","[[52,330],[2,16875]]"
571,"[kill_scene_kind_count,1003,2,100]","[[52,330],[202,9]]"
572,"[kill_scene_kind_count,1003,2,100]","[[52,330],[201,9]]"
573,"[kill_scene_kind_count,1003,3,30]","[[52,350],[2,12000]]"
574,"[kill_scene_kind_count,1003,3,35]","[[52,350],[2,12750]]"
575,"[kill_scene_kind_count,1003,3,40]","[[52,350],[2,13500]]"
576,"[kill_scene_kind_count,1003,3,45]","[[52,350],[2,14250]]"
577,"[kill_scene_kind_count,1003,3,50]","[[52,350],[2,15000]]"
578,"[kill_scene_kind_count,1003,3,50]","[[52,350],[202,8]]"
579,"[kill_scene_kind_count,1003,3,55]","[[52,340],[2,15750]]"
580,"[kill_scene_kind_count,1003,3,55]","[[52,340],[201,8]]"
581,"[kill_scene_kind_count,1003,3,55]","[[52,340],[202,8]]"
582,"[kill_scene_kind_count,1003,3,60]","[[52,330],[2,16500]]"
583,"[kill_scene_kind_count,1003,3,60]","[[52,330],[201,9]]"
584,"[kill_scene_kind_count,1003,3,65]","[[52,330],[2,17250]]"
585,"[kill_scene_kind_count,1003,3,30]","[[52,350],[2,12000]]"
586,"[kill_scene_kind_count,1003,3,35]","[[52,350],[2,12750]]"
587,"[kill_scene_kind_count,1003,3,40]","[[52,350],[2,13500]]"
588,"[kill_scene_kind_count,1003,3,45]","[[52,350],[2,14250]]"
589,"[kill_scene_kind_count,1003,3,45]","[[52,350],[202,8]]"
590,"[kill_scene_kind_count,1003,3,50]","[[52,350],[2,15000]]"
591,"[kill_scene_kind_count,1003,3,50]","[[52,350],[201,8]]"
592,"[kill_scene_kind_count,1003,3,50]","[[52,350],[202,8]]"
593,"[kill_scene_kind_count,1003,3,53]","[[52,350],[2,15450]]"
594,"[kill_scene_kind_count,1003,3,53]","[[52,350],[201,8]]"
595,"[kill_scene_kind_count,1003,3,55]","[[52,340],[2,15750]]"
596,"[kill_scene_kind_count,1003,3,55]","[[52,340],[202,8]]"
597,"[kill_scene_kind_count,1003,3,55]","[[52,340],[201,8]]"
598,"[kill_scene_kind_count,1003,3,60]","[[52,330],[2,16500]]"
599,"[kill_scene_kind_count,1003,3,60]","[[52,330],[202,9]]"
600,"[kill_scene_kind_count,1003,3,60]","[[52,330],[201,9]]"
601,"[kill_scene_kind_count,1003,102,15]","[[52,500],[2,30625]]"
602,"[kill_scene_kind_count,1003,102,18]","[[52,500],[2,33250]]"
603,"[kill_scene_kind_count,1003,102,20]","[[52,500],[2,35000]]"
604,"[kill_scene_kind_count,1003,102,23]","[[52,470],[2,37625]]"
605,"[kill_scene_kind_count,1003,102,25]","[[52,460],[2,39375]]"
606,"[kill_scene_kind_count,1003,101,20]","[[52,500],[2,29925]]"
607,"[kill_scene_kind_count,1003,101,25]","[[52,500],[2,33075]]"
608,"[kill_scene_kind_count,1003,101,30]","[[52,490],[2,36225]]"
609,"[kill_scene_kind_count,1003,101,35]","[[52,460],[2,39375]]"
610,"[kill_scene_kind_count,1003,104,5]","[[52,600],[2,58500]]"
611,"[kill_scene_kind_count,1003,104,7]","[[52,600],[2,66750]]"
612,"[kill_scene_kind_count,1003,104,10]","[[52,560],[2,79125]]"
613,"[kill_scene_kind_count,1003,104,15]","[[52,350],[2,100125]]"
614,"[kill_scene_kind_count,1003,104,5]","[[52,600],[2,58500]]"
615,"[kill_scene_kind_count,1003,104,7]","[[52,600],[2,66750]]"
616,"[kill_scene_kind_count,1003,104,7]","[[52,600],[202,34]]"
617,"[kill_scene_kind_count,1003,104,10]","[[52,560],[2,79125]]"
618,"[kill_scene_kind_count,1003,104,10]","[[52,560],[201,40]]"
619,"[kill_scene_kind_count,1003,104,15]","[[52,350],[2,100125]]"
620,"[kill_scene_kind_count,1003,104,10]","[[52,560],[2,79125]]"
621,"[kill_scene_kind_count,1003,104,12]","[[52,480],[2,87375]]"
622,"[kill_scene_kind_count,1003,104,6]","[[52,600],[2,62625]]"
623,"[kill_scene_kind_count,1003,104,10]","[[52,560],[2,79125]]"
624,"[kill_scene_kind_count,1003,104,6]","[[52,600],[2,62625]]"
625,"[kill_scene_kind_count,1003,104,10]","[[52,560],[2,79125]]"
626,"[kill_scene_kind_count,1003,1,100]","[[52,250],[2,12250]]"
627,"[kill_scene_kind_count,1003,1,200]","[[52,250],[2,15750]]"
628,"[kill_scene_kind_count,1003,1,200]","[[52,250],[201,8]]"
629,"[kill_scene_kind_count,1003,1,250]","[[52,250],[2,17500]]"
630,"[kill_scene_kind_count,1003,1,250]","[[52,250],[202,9]]"
631,"[kill_scene_kind_count,1003,1,300]","[[52,240],[2,19250]]"
632,"[kill_scene_kind_count,1003,1,300]","[[52,240],[201,10]]"
633,"[kill_scene_kind_count,1003,1,350]","[[52,220],[2,21000]]"
634,"[kill_scene_kind_count,1003,1,350]","[[52,220],[202,11]]"
635,"[kill_scene_kind_count,1003,1,350]","[[52,220],[201,11]]"
636,"[kill_scene_kind_count,1003,1,100]","[[52,250],[2,12250]]"
637,"[kill_scene_kind_count,1003,1,100]","[[52,250],[202,7]]"
638,"[kill_scene_kind_count,1003,1,200]","[[52,250],[2,15750]]"
639,"[kill_scene_kind_count,1003,1,200]","[[52,250],[201,8]]"
640,"[kill_scene_kind_count,1003,1,200]","[[52,250],[202,8]]"
641,"[kill_scene_kind_count,1003,1,250]","[[52,250],[2,17500]]"
642,"[kill_scene_kind_count,1003,1,250]","[[52,250],[201,9]]"
643,"[kill_scene_kind_count,1003,1,250]","[[52,250],[202,9]]"
644,"[kill_scene_kind_count,1003,1,300]","[[52,240],[2,19250]]"
645,"[kill_scene_kind_count,1003,1,300]","[[52,240],[201,10]]"
646,"[kill_scene_kind_count,1003,1,350]","[[52,220],[2,21000]]"
647,"[kill_scene_kind_count,1003,1,350]","[[52,220],[202,11]]"
648,"[kill_scene_kind_count,1003,2,50]","[[52,250],[2,14263]]"
649,"[kill_scene_kind_count,1003,2,60]","[[52,250],[2,15313]]"
650,"[kill_scene_kind_count,1003,2,65]","[[52,250],[2,15838]]"
651,"[kill_scene_kind_count,1003,2,70]","[[52,250],[2,16450]]"
652,"[kill_scene_kind_count,1003,2,75]","[[52,250],[2,16975]]"
653,"[kill_scene_kind_count,1003,2,80]","[[52,250],[2,17500]]"
654,"[kill_scene_kind_count,1003,2,85]","[[52,250],[2,18025]]"
655,"[kill_scene_kind_count,1003,2,90]","[[52,240],[2,18638]]"
656,"[kill_scene_kind_count,1003,2,95]","[[52,240],[2,19163]]"
657,"[kill_scene_kind_count,1003,2,100]","[[52,230],[2,19688]]"
658,"[kill_scene_kind_count,1003,2,100]","[[52,230],[201,10]]"
659,"[kill_scene_kind_count,1003,2,100]","[[52,230],[202,10]]"
660,"[kill_scene_kind_count,1003,2,50]","[[52,250],[2,14263]]"
661,"[kill_scene_kind_count,1003,2,52]","[[52,250],[2,14438]]"
662,"[kill_scene_kind_count,1003,2,55]","[[52,250],[2,14788]]"
663,"[kill_scene_kind_count,1003,2,60]","[[52,250],[2,15313]]"
664,"[kill_scene_kind_count,1003,2,62]","[[52,250],[2,15575]]"
665,"[kill_scene_kind_count,1003,2,65]","[[52,250],[2,15838]]"
666,"[kill_scene_kind_count,1003,2,70]","[[52,250],[2,16450]]"
667,"[kill_scene_kind_count,1003,2,75]","[[52,250],[2,16975]]"
668,"[kill_scene_kind_count,1003,2,75]","[[52,250],[201,9]]"
669,"[kill_scene_kind_count,1003,2,80]","[[52,250],[2,17500]]"
670,"[kill_scene_kind_count,1003,2,82]","[[52,250],[2,17763]]"
671,"[kill_scene_kind_count,1003,2,85]","[[52,250],[2,18025]]"
672,"[kill_scene_kind_count,1003,2,90]","[[52,240],[2,18638]]"
673,"[kill_scene_kind_count,1003,2,92]","[[52,240],[2,18813]]"
674,"[kill_scene_kind_count,1003,2,95]","[[52,240],[2,19163]]"
675,"[kill_scene_kind_count,1003,2,100]","[[52,230],[2,19688]]"
676,"[kill_scene_kind_count,1003,2,100]","[[52,230],[202,10]]"
677,"[kill_scene_kind_count,1003,2,100]","[[52,230],[201,10]]"
678,"[kill_scene_kind_count,1003,3,30]","[[52,250],[2,14000]]"
679,"[kill_scene_kind_count,1003,3,35]","[[52,250],[2,14875]]"
680,"[kill_scene_kind_count,1003,3,40]","[[52,250],[2,15750]]"
681,"[kill_scene_kind_count,1003,3,45]","[[52,250],[2,16625]]"
682,"[kill_scene_kind_count,1003,3,50]","[[52,250],[2,17500]]"
683,"[kill_scene_kind_count,1003,3,50]","[[52,250],[202,9]]"
684,"[kill_scene_kind_count,1003,3,55]","[[52,250],[2,18375]]"
685,"[kill_scene_kind_count,1003,3,55]","[[52,250],[201,10]]"
686,"[kill_scene_kind_count,1003,3,55]","[[52,250],[202,10]]"
687,"[kill_scene_kind_count,1003,3,60]","[[52,240],[2,19250]]"
688,"[kill_scene_kind_count,1003,3,60]","[[52,240],[201,10]]"
689,"[kill_scene_kind_count,1003,3,65]","[[52,230],[2,20125]]"
690,"[kill_scene_kind_count,1003,3,30]","[[52,250],[2,14000]]"
691,"[kill_scene_kind_count,1003,3,35]","[[52,250],[2,14875]]"
692,"[kill_scene_kind_count,1003,3,40]","[[52,250],[2,15750]]"
693,"[kill_scene_kind_count,1003,3,45]","[[52,250],[2,16625]]"
694,"[kill_scene_kind_count,1003,3,45]","[[52,250],[202,9]]"
695,"[kill_scene_kind_count,1003,3,50]","[[52,250],[2,17500]]"
696,"[kill_scene_kind_count,1003,3,50]","[[52,250],[201,9]]"
697,"[kill_scene_kind_count,1003,3,50]","[[52,250],[202,9]]"
698,"[kill_scene_kind_count,1003,3,53]","[[52,250],[2,18025]]"
699,"[kill_scene_kind_count,1003,3,53]","[[52,250],[201,10]]"
700,"[kill_scene_kind_count,1003,3,55]","[[52,250],[2,18375]]"
701,"[kill_scene_kind_count,1003,3,55]","[[52,250],[202,10]]"
702,"[kill_scene_kind_count,1003,3,55]","[[52,250],[201,10]]"
703,"[kill_scene_kind_count,1003,3,60]","[[52,240],[2,19250]]"
704,"[kill_scene_kind_count,1003,3,60]","[[52,240],[202,10]]"
705,"[kill_scene_kind_count,1003,3,60]","[[52,240],[201,10]]"
706,"[kill_scene_kind_count,1003,102,15]","[[52,400],[2,43750]]"
707,"[kill_scene_kind_count,1003,102,18]","[[52,400],[2,47500]]"
708,"[kill_scene_kind_count,1003,102,20]","[[52,400],[2,50000]]"
709,"[kill_scene_kind_count,1003,102,23]","[[52,360],[2,53750]]"
710,"[kill_scene_kind_count,1003,102,25]","[[52,340],[2,56250]]"
711,"[kill_scene_kind_count,1003,101,20]","[[52,400],[2,42750]]"
712,"[kill_scene_kind_count,1003,101,25]","[[52,400],[2,47250]]"
713,"[kill_scene_kind_count,1003,101,30]","[[52,380],[2,51750]]"
714,"[kill_scene_kind_count,1003,101,35]","[[52,340],[2,56250]]"
715,"[kill_scene_kind_count,1003,104,5]","[[52,500],[2,78000]]"
716,"[kill_scene_kind_count,1003,104,7]","[[52,500],[2,89000]]"
717,"[kill_scene_kind_count,1003,104,10]","[[52,440],[2,105500]]"
718,"[kill_scene_kind_count,1003,104,15]","[[52,160],[2,133500]]"
719,"[kill_scene_kind_count,1003,104,5]","[[52,500],[2,78000]]"
720,"[kill_scene_kind_count,1003,104,7]","[[52,500],[2,89000]]"
721,"[kill_scene_kind_count,1003,104,7]","[[52,500],[202,45]]"
722,"[kill_scene_kind_count,1003,104,10]","[[52,440],[2,105500]]"
723,"[kill_scene_kind_count,1003,104,10]","[[52,440],[201,53]]"
724,"[kill_scene_kind_count,1003,104,15]","[[52,160],[2,133500]]"
725,"[kill_scene_kind_count,1003,104,10]","[[52,440],[2,105500]]"
726,"[kill_scene_kind_count,1003,104,12]","[[52,330],[2,116500]]"
727,"[kill_scene_kind_count,1003,104,6]","[[52,500],[2,83500]]"
728,"[kill_scene_kind_count,1003,104,10]","[[52,440],[2,105500]]"
729,"[kill_scene_kind_count,1003,104,6]","[[52,500],[2,83500]]"
730,"[kill_scene_kind_count,1003,104,10]","[[52,440],[2,105500]]"
731,"[kill_scene_kind_count,1004,1,120]","[[52,550],[2,85500]]"
732,"[kill_scene_kind_count,1004,1,140]","[[52,550],[2,91000]]"
733,"[kill_scene_kind_count,1004,2,40]","[[52,550],[2,81000]]"
734,"[kill_scene_kind_count,1004,2,50]","[[52,550],[2,88500]]"
735,"[kill_scene_kind_count,1004,3,26]","[[52,550],[2,84000]]"
736,"[kill_scene_kind_count,1004,3,30]","[[52,550],[2,89500]]"
737,"[kill_scene_kind_count,1004,102,10]","[[52,1000],[2,83500]]"
738,"[kill_scene_kind_count,1004,102,13]","[[52,1000],[2,93500]]"
739,"[kill_scene_kind_count,1004,101,5]","[[52,1000],[2,417500]]"
740,"[kill_scene_kind_count,1004,101,7]","[[52,1000],[2,482500]]"
741,"[kill_scene_kind_count,1004,104,1]","[[52,10000],[2,835000]]"
742,"[kill_scene_kind_count,1004,104,2]","[[52,8350],[2,1165000]]"
743,"[kill_scene_kind_count,1004,1,160]","[[52,550],[2,97000]]"
744,"[kill_scene_kind_count,1004,1,160]","[[52,550],[201,49]]"
745,"[kill_scene_kind_count,1004,1,180]","[[52,520],[2,103000]]"
746,"[kill_scene_kind_count,1004,1,180]","[[52,520],[202,52]]"
747,"[kill_scene_kind_count,1004,1,190]","[[52,490],[2,106000]]"
748,"[kill_scene_kind_count,1004,1,190]","[[52,490],[201,53]]"
749,"[kill_scene_kind_count,1004,1,200]","[[52,460],[2,109000]]"
750,"[kill_scene_kind_count,1004,1,200]","[[52,460],[202,55]]"
751,"[kill_scene_kind_count,1004,1,120]","[[52,550],[2,85500]]"
752,"[kill_scene_kind_count,1004,1,140]","[[52,550],[2,91000]]"
753,"[kill_scene_kind_count,1004,1,150]","[[52,550],[2,94000]]"
754,"[kill_scene_kind_count,1004,1,150]","[[52,550],[201,47]]"
755,"[kill_scene_kind_count,1004,1,160]","[[52,550],[2,97000]]"
756,"[kill_scene_kind_count,1004,1,160]","[[52,550],[202,49]]"
757,"[kill_scene_kind_count,1004,1,180]","[[52,520],[2,103000]]"
758,"[kill_scene_kind_count,1004,1,180]","[[52,520],[201,52]]"
759,"[kill_scene_kind_count,1004,1,190]","[[52,490],[2,106000]]"
760,"[kill_scene_kind_count,1004,1,190]","[[52,490],[202,53]]"
761,"[kill_scene_kind_count,1004,1,200]","[[52,460],[2,109000]]"
762,"[kill_scene_kind_count,1004,1,200]","[[52,460],[201,55]]"
763,"[kill_scene_kind_count,1004,2,40]","[[52,550],[202,41]]"
764,"[kill_scene_kind_count,1004,2,50]","[[52,550],[201,45]]"
765,"[kill_scene_kind_count,1004,2,60]","[[52,550],[2,96000]]"
766,"[kill_scene_kind_count,1004,2,60]","[[52,550],[202,48]]"
767,"[kill_scene_kind_count,1004,2,70]","[[52,510],[2,104000]]"
768,"[kill_scene_kind_count,1004,2,80]","[[52,430],[2,111500]]"
769,"[kill_scene_kind_count,1004,2,90]","[[52,360],[2,119000]]"
770,"[kill_scene_kind_count,1004,2,90]","[[52,360],[201,60]]"
771,"[kill_scene_kind_count,1004,2,100]","[[52,280],[2,127000]]"
772,"[kill_scene_kind_count,1004,2,100]","[[52,280],[202,64]]"
773,"[kill_scene_kind_count,1004,2,40]","[[52,550],[2,81000]]"
774,"[kill_scene_kind_count,1004,2,40]","[[52,550],[201,41]]"
775,"[kill_scene_kind_count,1004,2,40]","[[52,550],[202,41]]"
776,"[kill_scene_kind_count,1004,2,40]","[[52,550],[201,41]]"
777,"[kill_scene_kind_count,1004,2,50]","[[52,550],[2,88500]]"
778,"[kill_scene_kind_count,1004,2,50]","[[52,550],[202,45]]"
779,"[kill_scene_kind_count,1004,2,50]","[[52,550],[201,45]]"
780,"[kill_scene_kind_count,1004,2,60]","[[52,550],[2,96000]]"
781,"[kill_scene_kind_count,1004,2,60]","[[52,550],[202,48]]"
782,"[kill_scene_kind_count,1004,2,60]","[[52,550],[201,48]]"
783,"[kill_scene_kind_count,1004,2,70]","[[52,510],[2,104000]]"
784,"[kill_scene_kind_count,1004,2,70]","[[52,510],[202,52]]"
785,"[kill_scene_kind_count,1004,2,70]","[[52,510],[201,52]]"
786,"[kill_scene_kind_count,1004,2,80]","[[52,430],[2,111500]]"
787,"[kill_scene_kind_count,1004,2,80]","[[52,430],[202,56]]"
788,"[kill_scene_kind_count,1004,2,90]","[[52,360],[2,119000]]"
789,"[kill_scene_kind_count,1004,2,90]","[[52,360],[201,60]]"
790,"[kill_scene_kind_count,1004,2,100]","[[52,280],[2,127000]]"
791,"[kill_scene_kind_count,1004,3,34]","[[52,550],[2,94500]]"
792,"[kill_scene_kind_count,1004,3,34]","[[52,550],[202,48]]"
793,"[kill_scene_kind_count,1004,3,38]","[[52,550],[2,100000]]"
794,"[kill_scene_kind_count,1004,3,38]","[[52,550],[201,50]]"
795,"[kill_scene_kind_count,1004,3,40]","[[52,520],[2,102500]]"
796,"[kill_scene_kind_count,1004,3,40]","[[52,520],[202,52]]"
797,"[kill_scene_kind_count,1004,3,42]","[[52,490],[2,105500]]"
798,"[kill_scene_kind_count,1004,3,42]","[[52,490],[201,53]]"
799,"[kill_scene_kind_count,1004,3,44]","[[52,470],[2,108000]]"
800,"[kill_scene_kind_count,1004,3,46]","[[52,440],[2,110500]]"
801,"[kill_scene_kind_count,1004,3,26]","[[52,550],[2,84000]]"
802,"[kill_scene_kind_count,1004,3,26]","[[52,550],[202,42]]"
803,"[kill_scene_kind_count,1004,3,30]","[[52,550],[2,89500]]"
804,"[kill_scene_kind_count,1004,3,30]","[[52,550],[201,45]]"
805,"[kill_scene_kind_count,1004,3,34]","[[52,550],[2,94500]]"
806,"[kill_scene_kind_count,1004,3,34]","[[52,550],[202,48]]"
807,"[kill_scene_kind_count,1004,3,36]","[[52,550],[2,97500]]"
808,"[kill_scene_kind_count,1004,3,38]","[[52,550],[2,100000]]"
809,"[kill_scene_kind_count,1004,3,38]","[[52,550],[201,50]]"
810,"[kill_scene_kind_count,1004,3,40]","[[52,520],[2,102500]]"
811,"[kill_scene_kind_count,1004,3,40]","[[52,520],[202,52]]"
812,"[kill_scene_kind_count,1004,3,42]","[[52,490],[2,105500]]"
813,"[kill_scene_kind_count,1004,3,42]","[[52,490],[201,53]]"
814,"[kill_scene_kind_count,1004,3,44]","[[52,470],[2,108000]]"
815,"[kill_scene_kind_count,1004,3,44]","[[52,470],[202,54]]"
816,"[kill_scene_kind_count,1004,3,46]","[[52,440],[2,110500]]"
817,"[kill_scene_kind_count,1004,102,15]","[[52,1000],[2,100000]]"
818,"[kill_scene_kind_count,1004,102,18]","[[52,900],[2,110000]]"
819,"[kill_scene_kind_count,1004,102,20]","[[52,830],[2,116500]]"
820,"[kill_scene_kind_count,1004,101,8]","[[52,820],[2,517500]]"
821,"[kill_scene_kind_count,1004,101,10]","[[52,170],[2,582500]]"
822,"[kill_scene_kind_count,1004,104,2]","[[52,10000],[2,835000]]"
823,"[kill_scene_kind_count,1004,104,3]","[[52,10000],[2,1000000]]"
824,"[kill_scene_kind_count,1004,104,4]","[[52,8350],[2,1165000]]"
825,"[kill_scene_kind_count,1004,104,5]","[[52,6650],[2,1335000]]"
826,"[kill_scene_kind_count,1004,104,1]","[[52,10000],[2,665000]]"
827,"[kill_scene_kind_count,1004,104,1]","[[52,10000],[201,333]]"
828,"[kill_scene_kind_count,1004,104,2]","[[52,10000],[2,835000]]"
829,"[kill_scene_kind_count,1004,104,3]","[[52,10000],[2,1000000]]"
830,"[kill_scene_kind_count,1004,104,3]","[[52,10000],[202,500]]"
831,"[kill_scene_kind_count,1004,104,5]","[[52,6650],[2,1335000]]"
832,"[kill_scene_kind_count,1004,104,1]","[[52,10000],[2,835000]]"
833,"[kill_scene_kind_count,1004,104,2]","[[52,8350],[2,1165000]]"
834,"[kill_scene_kind_count,1004,104,1]","[[52,10000],[2,835000]]"
835,"[kill_scene_kind_count,1004,104,2]","[[52,8350],[2,1165000]]"
836,"[kill_scene_kind_count,1004,1,120]","[[52,500],[2,102600]]"
837,"[kill_scene_kind_count,1004,1,140]","[[52,500],[2,109200]]"
838,"[kill_scene_kind_count,1004,1,160]","[[52,500],[2,116400]]"
839,"[kill_scene_kind_count,1004,1,160]","[[52,500],[201,59]]"
840,"[kill_scene_kind_count,1004,1,180]","[[52,460],[2,123600]]"
841,"[kill_scene_kind_count,1004,1,180]","[[52,460],[202,62]]"
842,"[kill_scene_kind_count,1004,1,190]","[[52,430],[2,127200]]"
843,"[kill_scene_kind_count,1004,1,190]","[[52,430],[201,64]]"
844,"[kill_scene_kind_count,1004,1,200]","[[52,390],[2,130800]]"
845,"[kill_scene_kind_count,1004,1,200]","[[52,390],[202,66]]"
846,"[kill_scene_kind_count,1004,1,120]","[[52,500],[2,102600]]"
847,"[kill_scene_kind_count,1004,1,140]","[[52,500],[2,109200]]"
848,"[kill_scene_kind_count,1004,1,150]","[[52,500],[2,112800]]"
849,"[kill_scene_kind_count,1004,1,150]","[[52,500],[201,57]]"
850,"[kill_scene_kind_count,1004,1,160]","[[52,500],[2,116400]]"
851,"[kill_scene_kind_count,1004,1,160]","[[52,500],[202,59]]"
852,"[kill_scene_kind_count,1004,1,180]","[[52,460],[2,123600]]"
853,"[kill_scene_kind_count,1004,1,180]","[[52,460],[201,62]]"
854,"[kill_scene_kind_count,1004,1,190]","[[52,430],[2,127200]]"
855,"[kill_scene_kind_count,1004,1,190]","[[52,430],[202,64]]"
856,"[kill_scene_kind_count,1004,1,200]","[[52,390],[2,130800]]"
857,"[kill_scene_kind_count,1004,1,200]","[[52,390],[201,66]]"
858,"[kill_scene_kind_count,1004,2,40]","[[52,500],[2,97200]]"
859,"[kill_scene_kind_count,1004,2,40]","[[52,500],[202,49]]"
860,"[kill_scene_kind_count,1004,2,50]","[[52,500],[2,106200]]"
861,"[kill_scene_kind_count,1004,2,50]","[[52,500],[201,54]]"
862,"[kill_scene_kind_count,1004,2,60]","[[52,500],[2,115200]]"
863,"[kill_scene_kind_count,1004,2,60]","[[52,500],[202,58]]"
864,"[kill_scene_kind_count,1004,2,70]","[[52,450],[2,124800]]"
865,"[kill_scene_kind_count,1004,2,80]","[[52,360],[2,133800]]"
866,"[kill_scene_kind_count,1004,2,90]","[[52,270],[2,142800]]"
867,"[kill_scene_kind_count,1004,2,90]","[[52,270],[201,72]]"
868,"[kill_scene_kind_count,1004,2,100]","[[52,180],[2,152400]]"
869,"[kill_scene_kind_count,1004,2,100]","[[52,180],[202,77]]"
870,"[kill_scene_kind_count,1004,2,40]","[[52,500],[2,97200]]"
871,"[kill_scene_kind_count,1004,2,40]","[[52,500],[201,49]]"
872,"[kill_scene_kind_count,1004,2,40]","[[52,500],[202,49]]"
873,"[kill_scene_kind_count,1004,2,40]","[[52,500],[201,49]]"
874,"[kill_scene_kind_count,1004,2,50]","[[52,500],[2,106200]]"
875,"[kill_scene_kind_count,1004,2,50]","[[52,500],[202,54]]"
876,"[kill_scene_kind_count,1004,2,50]","[[52,500],[201,54]]"
877,"[kill_scene_kind_count,1004,2,60]","[[52,500],[2,115200]]"
878,"[kill_scene_kind_count,1004,2,60]","[[52,500],[202,58]]"
879,"[kill_scene_kind_count,1004,2,60]","[[52,500],[201,58]]"
880,"[kill_scene_kind_count,1004,2,70]","[[52,450],[2,124800]]"
881,"[kill_scene_kind_count,1004,2,70]","[[52,450],[202,63]]"
882,"[kill_scene_kind_count,1004,2,70]","[[52,450],[201,63]]"
883,"[kill_scene_kind_count,1004,2,80]","[[52,360],[2,133800]]"
884,"[kill_scene_kind_count,1004,2,80]","[[52,360],[202,67]]"
885,"[kill_scene_kind_count,1004,2,90]","[[52,270],[2,142800]]"
886,"[kill_scene_kind_count,1004,2,90]","[[52,270],[201,72]]"
887,"[kill_scene_kind_count,1004,2,100]","[[52,180],[2,152400]]"
888,"[kill_scene_kind_count,1004,3,26]","[[52,500],[2,100800]]"
889,"[kill_scene_kind_count,1004,3,30]","[[52,500],[2,107400]]"
890,"[kill_scene_kind_count,1004,3,34]","[[52,500],[2,113400]]"
891,"[kill_scene_kind_count,1004,3,34]","[[52,500],[202,57]]"
892,"[kill_scene_kind_count,1004,3,38]","[[52,500],[2,120000]]"
893,"[kill_scene_kind_count,1004,3,38]","[[52,500],[201,60]]"
894,"[kill_scene_kind_count,1004,3,40]","[[52,470],[2,123000]]"
895,"[kill_scene_kind_count,1004,3,40]","[[52,470],[202,62]]"
896,"[kill_scene_kind_count,1004,3,42]","[[52,430],[2,126600]]"
897,"[kill_scene_kind_count,1004,3,42]","[[52,430],[201,64]]"
898,"[kill_scene_kind_count,1004,3,44]","[[52,400],[2,129600]]"
899,"[kill_scene_kind_count,1004,3,46]","[[52,370],[2,132600]]"
900,"[kill_scene_kind_count,1004,3,26]","[[52,500],[2,100800]]"
901,"[kill_scene_kind_count,1004,3,26]","[[52,500],[202,51]]"
902,"[kill_scene_kind_count,1004,3,30]","[[52,500],[2,107400]]"
903,"[kill_scene_kind_count,1004,3,30]","[[52,500],[201,54]]"
904,"[kill_scene_kind_count,1004,3,34]","[[52,500],[2,113400]]"
905,"[kill_scene_kind_count,1004,3,34]","[[52,500],[202,57]]"
906,"[kill_scene_kind_count,1004,3,36]","[[52,500],[2,117000]]"
907,"[kill_scene_kind_count,1004,3,38]","[[52,500],[2,120000]]"
908,"[kill_scene_kind_count,1004,3,38]","[[52,500],[201,60]]"
909,"[kill_scene_kind_count,1004,3,40]","[[52,470],[2,123000]]"
910,"[kill_scene_kind_count,1004,3,40]","[[52,470],[202,62]]"
911,"[kill_scene_kind_count,1004,3,42]","[[52,430],[2,126600]]"
912,"[kill_scene_kind_count,1004,3,42]","[[52,430],[201,64]]"
913,"[kill_scene_kind_count,1004,3,44]","[[52,400],[2,129600]]"
914,"[kill_scene_kind_count,1004,3,44]","[[52,400],[202,65]]"
915,"[kill_scene_kind_count,1004,3,46]","[[52,370],[2,132600]]"
916,"[kill_scene_kind_count,1004,102,10]","[[52,900],[2,100200]]"
917,"[kill_scene_kind_count,1004,102,13]","[[52,900],[2,112200]]"
918,"[kill_scene_kind_count,1004,102,15]","[[52,900],[2,120000]]"
919,"[kill_scene_kind_count,1004,102,18]","[[52,780],[2,132000]]"
920,"[kill_scene_kind_count,1004,102,20]","[[52,700],[2,139800]]"
921,"[kill_scene_kind_count,1004,101,5]","[[52,900],[2,459250]]"
922,"[kill_scene_kind_count,1004,101,7]","[[52,900],[2,530750]]"
923,"[kill_scene_kind_count,1004,101,8]","[[52,710],[2,569250]]"
924,"[kill_scene_kind_count,1004,101,10]","[[52,200],[2,640750]]"
925,"[kill_scene_kind_count,1004,104,2]","[[52,9000],[2,1002000]]"
926,"[kill_scene_kind_count,1004,104,3]","[[52,9000],[2,1200000]]"
927,"[kill_scene_kind_count,1004,104,4]","[[52,7020],[2,1398000]]"
928,"[kill_scene_kind_count,1004,104,5]","[[52,4980],[2,1602000]]"
929,"[kill_scene_kind_count,1004,104,1]","[[52,9000],[2,798000]]"
930,"[kill_scene_kind_count,1004,104,1]","[[52,9000],[201,399]]"
931,"[kill_scene_kind_count,1004,104,2]","[[52,9000],[2,1002000]]"
932,"[kill_scene_kind_count,1004,104,3]","[[52,9000],[2,1200000]]"
933,"[kill_scene_kind_count,1004,104,3]","[[52,9000],[202,600]]"
934,"[kill_scene_kind_count,1004,104,5]","[[52,4980],[2,1602000]]"
935,"[kill_scene_kind_count,1004,104,1]","[[52,9000],[2,1002000]]"
936,"[kill_scene_kind_count,1004,104,2]","[[52,7020],[2,1398000]]"
937,"[kill_scene_kind_count,1004,104,1]","[[52,9000],[2,1002000]]"
938,"[kill_scene_kind_count,1004,104,2]","[[52,7020],[2,1398000]]"
939,"[kill_scene_kind_count,1004,104,1]","[[52,9000],[2,1002000]]"
940,"[kill_scene_kind_count,1004,104,2]","[[52,7020],[2,1398000]]"
941,"[kill_scene_kind_count,1004,1,120]","[[52,450],[2,128250]]"
942,"[kill_scene_kind_count,1004,1,140]","[[52,450],[2,136500]]"
943,"[kill_scene_kind_count,1004,1,160]","[[52,450],[2,145500]]"
944,"[kill_scene_kind_count,1004,1,160]","[[52,450],[201,73]]"
945,"[kill_scene_kind_count,1004,1,180]","[[52,400],[2,154500]]"
946,"[kill_scene_kind_count,1004,1,180]","[[52,400],[202,78]]"
947,"[kill_scene_kind_count,1004,1,190]","[[52,360],[2,159000]]"
948,"[kill_scene_kind_count,1004,1,190]","[[52,360],[201,80]]"
949,"[kill_scene_kind_count,1004,1,200]","[[52,310],[2,163500]]"
950,"[kill_scene_kind_count,1004,1,200]","[[52,310],[202,82]]"
951,"[kill_scene_kind_count,1004,1,120]","[[52,450],[2,128250]]"
952,"[kill_scene_kind_count,1004,1,140]","[[52,450],[2,136500]]"
953,"[kill_scene_kind_count,1004,1,150]","[[52,450],[2,141000]]"
954,"[kill_scene_kind_count,1004,1,150]","[[52,450],[201,71]]"
955,"[kill_scene_kind_count,1004,1,160]","[[52,450],[2,145500]]"
956,"[kill_scene_kind_count,1004,1,160]","[[52,450],[202,73]]"
957,"[kill_scene_kind_count,1004,1,180]","[[52,400],[2,154500]]"
958,"[kill_scene_kind_count,1004,1,180]","[[52,400],[201,78]]"
959,"[kill_scene_kind_count,1004,1,190]","[[52,360],[2,159000]]"
960,"[kill_scene_kind_count,1004,1,190]","[[52,360],[202,80]]"
961,"[kill_scene_kind_count,1004,1,200]","[[52,310],[2,163500]]"
962,"[kill_scene_kind_count,1004,1,200]","[[52,310],[201,82]]"
963,"[kill_scene_kind_count,1004,2,40]","[[52,450],[2,121500]]"
964,"[kill_scene_kind_count,1004,2,40]","[[52,450],[202,61]]"
965,"[kill_scene_kind_count,1004,2,50]","[[52,450],[2,132750]]"
966,"[kill_scene_kind_count,1004,2,50]","[[52,450],[201,67]]"
967,"[kill_scene_kind_count,1004,2,60]","[[52,450],[2,144000]]"
968,"[kill_scene_kind_count,1004,2,60]","[[52,450],[202,72]]"
969,"[kill_scene_kind_count,1004,2,70]","[[52,390],[2,156000]]"
970,"[kill_scene_kind_count,1004,2,80]","[[52,280],[2,167250]]"
971,"[kill_scene_kind_count,1004,2,90]","[[52,160],[2,178500]]"
972,"[kill_scene_kind_count,1004,2,90]","[[52,160],[201,90]]"
973,"[kill_scene_kind_count,1004,2,100]","[[52,40],[2,190500]]"
974,"[kill_scene_kind_count,1004,2,100]","[[52,40],[202,96]]"
975,"[kill_scene_kind_count,1004,2,40]","[[52,450],[2,121500]]"
976,"[kill_scene_kind_count,1004,2,40]","[[52,450],[201,61]]"
977,"[kill_scene_kind_count,1004,2,40]","[[52,450],[202,61]]"
978,"[kill_scene_kind_count,1004,2,40]","[[52,450],[201,61]]"
979,"[kill_scene_kind_count,1004,2,50]","[[52,450],[2,132750]]"
980,"[kill_scene_kind_count,1004,2,50]","[[52,450],[202,67]]"
981,"[kill_scene_kind_count,1004,2,50]","[[52,450],[201,67]]"
982,"[kill_scene_kind_count,1004,2,60]","[[52,450],[2,144000]]"
983,"[kill_scene_kind_count,1004,2,60]","[[52,450],[202,72]]"
984,"[kill_scene_kind_count,1004,2,60]","[[52,450],[201,72]]"
985,"[kill_scene_kind_count,1004,2,70]","[[52,390],[2,156000]]"
986,"[kill_scene_kind_count,1004,2,70]","[[52,390],[202,78]]"
987,"[kill_scene_kind_count,1004,2,70]","[[52,390],[201,78]]"
988,"[kill_scene_kind_count,1004,2,80]","[[52,280],[2,167250]]"
989,"[kill_scene_kind_count,1004,2,80]","[[52,280],[202,84]]"
990,"[kill_scene_kind_count,1004,2,90]","[[52,160],[2,178500]]"
991,"[kill_scene_kind_count,1004,2,90]","[[52,160],[201,90]]"
992,"[kill_scene_kind_count,1004,2,100]","[[52,40],[2,190500]]"
993,"[kill_scene_kind_count,1004,3,26]","[[52,450],[2,126000]]"
994,"[kill_scene_kind_count,1004,3,30]","[[52,450],[2,134250]]"
995,"[kill_scene_kind_count,1004,3,34]","[[52,450],[2,141750]]"
996,"[kill_scene_kind_count,1004,3,34]","[[52,450],[202,71]]"
997,"[kill_scene_kind_count,1004,3,38]","[[52,450],[2,150000]]"
998,"[kill_scene_kind_count,1004,3,38]","[[52,450],[201,75]]"
999,"[kill_scene_kind_count,1004,3,40]","[[52,410],[2,153750]]"
1000,"[kill_scene_kind_count,1004,3,40]","[[52,410],[202,77]]"
1001,"[kill_scene_kind_count,1004,3,42]","[[52,370],[2,158250]]"
1002,"[kill_scene_kind_count,1004,3,42]","[[52,370],[201,80]]"
1003,"[kill_scene_kind_count,1004,3,44]","[[52,330],[2,162000]]"
1004,"[kill_scene_kind_count,1004,3,46]","[[52,290],[2,165750]]"
1005,"[kill_scene_kind_count,1004,3,26]","[[52,450],[2,126000]]"
1006,"[kill_scene_kind_count,1004,3,26]","[[52,450],[202,63]]"
1007,"[kill_scene_kind_count,1004,3,30]","[[52,450],[2,134250]]"
1008,"[kill_scene_kind_count,1004,3,30]","[[52,450],[201,68]]"
1009,"[kill_scene_kind_count,1004,3,34]","[[52,450],[2,141750]]"
1010,"[kill_scene_kind_count,1004,3,34]","[[52,450],[202,71]]"
1011,"[kill_scene_kind_count,1004,3,36]","[[52,450],[2,146250]]"
1012,"[kill_scene_kind_count,1004,3,38]","[[52,450],[2,150000]]"
1013,"[kill_scene_kind_count,1004,3,38]","[[52,450],[201,75]]"
1014,"[kill_scene_kind_count,1004,3,40]","[[52,410],[2,153750]]"
1015,"[kill_scene_kind_count,1004,3,40]","[[52,410],[202,77]]"
1016,"[kill_scene_kind_count,1004,3,42]","[[52,370],[2,158250]]"
1017,"[kill_scene_kind_count,1004,3,42]","[[52,370],[201,80]]"
1018,"[kill_scene_kind_count,1004,3,44]","[[52,330],[2,162000]]"
1019,"[kill_scene_kind_count,1004,3,44]","[[52,330],[202,81]]"
1020,"[kill_scene_kind_count,1004,3,46]","[[52,290],[2,165750]]"
1021,"[kill_scene_kind_count,1004,102,10]","[[52,800],[2,125250]]"
1022,"[kill_scene_kind_count,1004,102,13]","[[52,800],[2,140250]]"
1023,"[kill_scene_kind_count,1004,102,15]","[[52,800],[2,150000]]"
1024,"[kill_scene_kind_count,1004,102,18]","[[52,650],[2,165000]]"
1025,"[kill_scene_kind_count,1004,102,20]","[[52,550],[2,174750]]"
1026,"[kill_scene_kind_count,1004,101,5]","[[52,800],[2,626250]]"
1027,"[kill_scene_kind_count,1004,101,7]","[[52,800],[2,723750]]"
1028,"[kill_scene_kind_count,1004,101,8]","[[52,540],[2,776250]]"
1029,"[kill_scene_kind_count,1004,101,10]","[[52,200],[2,873750]]"
1030,"[kill_scene_kind_count,1004,104,2]","[[52,8000],[2,1252500]]"
1031,"[kill_scene_kind_count,1004,104,3]","[[52,8000],[2,1500000]]"
1032,"[kill_scene_kind_count,1004,104,4]","[[52,5520],[2,1747500]]"
1033,"[kill_scene_kind_count,1004,104,5]","[[52,2970],[2,2002500]]"
1034,"[kill_scene_kind_count,1004,104,1]","[[52,8000],[2,997500]]"
1035,"[kill_scene_kind_count,1004,104,1]","[[52,8000],[201,499]]"
1036,"[kill_scene_kind_count,1004,104,2]","[[52,8000],[2,1252500]]"
1037,"[kill_scene_kind_count,1004,104,3]","[[52,8000],[2,1500000]]"
1038,"[kill_scene_kind_count,1004,104,3]","[[52,8000],[202,750]]"
1039,"[kill_scene_kind_count,1004,104,5]","[[52,2970],[2,2002500]]"
1040,"[kill_scene_kind_count,1004,104,1]","[[52,8000],[2,1252500]]"
1041,"[kill_scene_kind_count,1004,104,2]","[[52,5520],[2,1747500]]"
1042,"[kill_scene_kind_count,1004,104,1]","[[52,8000],[2,1252500]]"
1043,"[kill_scene_kind_count,1004,104,2]","[[52,5520],[2,1747500]]"
1044,"[kill_scene_kind_count,1004,104,1]","[[52,8000],[2,1252500]]"
1045,"[kill_scene_kind_count,1004,104,2]","[[52,5520],[2,1747500]]"
