通用静态配置表,,
key|str,str|useless,str
,,
sign,name,data
"标识","功能说明(表格的说明)","数据"
#,,
#主城场景ID,,
my_main_scene,主城场景ID,10000
monster_attack_bucks_gold_open,开启怪物攻击扣金币条件,"[level,5]"
#,,
#初始奖励,,
init_reward_first,初始默认奖励,997
init_reward,引导结束奖励,999
init_ge_xing_hua_list,"初始个性化列表[头像,头像框,聊天气泡]","[2111,6001,6201]"
init_task_id,初始化任务id,1001
init_scene_id,初始场景id,1000
init_speed,初始玩家行走速度,1300
init_attack_speed,初始玩家攻速(毫秒),250
init_hero_the_keel,初始英雄龙骨动画   [英雄ID，英雄武器ID],"[11,1101]"
init_hero_main_play,"主页面轮番播的英雄列表   [英雄ID，英雄武器ID,适配ID]","[[10,1002,1051]]"
init_hero_main_time,主页面英雄轮播的时间(毫秒）,8000
init_pro_seting,登录页面获取seting的key值,k_pro_setting
#,,
#,,
is_open_redemption_code,是否开启兑换码[0或空不开启，1开启],1
#,,
#,,
player_create_lvl,玩家创角色等级[对话ID，玩家创角等级],"[2001,5]"
#,,
#首充推送,,
first_recharge_lvl,玩家达到制定等级推送首充,90
#,,
#世界场景机器人,,
world_scene_robot,"世界场景机器人【[真人上限,真人下限,机器人数量],[真人上限,真人下限,机器人数量]...】","[[1,2,5],[3,4,2],[5,6,1],[7,8,1],[9,0,0]]"
robot_init_count_list,"建分线初始机器人数量[[数量,权重]","[[0,10],[1,10],[2,10],[3,3]]"
robot_count_change_list,"世界场景机器人数量改变[[当前人数含机器人,改变时间下限s,改变时间上限s,[目标人数list]]","[[0,3,10,[1,2]],[1,3,10,[2,3]],[2,5,15,[3,4]],[3,10,20,[2,3,4]],[4,10,20,[3,4]]]"
robot_event_time_list,"世界场景机器人事件时间间隔列表[[时间类型id,类型参数（填0则不用）,时间下限,时间上限]","[[4,0,7000,12000],[5,0,7000,12000],[9,1,500,1000]]"
#怪物刷新,,
dead_reflash_range_list,刷新死亡点范围,"[50,200]"
dead_reflash_rate,刷在周围概率万分比【消失导致的刷新必走随机点，死亡导致的刷新有概率在周围刷新】,0
dead_function_reflash_rate,周围额外刷新功能怪概率,0
dead_function_reflash_cooltime,周围刷新功能怪的冷却时间ms,1000000
function_reflash_rate,全图刷功能怪概率,1000
function_reflash_range_limit,功能怪刷新最低距离（像素）,500
#,,
#公告信息,,
random_notice_1,随机公告ID,"[1001,1002,1004,1005]"
random_notice_2,随机公告条数,100
random_notice_3,公告同步间隔时间ms,300000
random_notice_6,"随机充值金额【[金额，权重],[金额，权重]...】","[[2,5500],[8,5500],[30,2000],[100,500],[300,100],[800,50],[2000,10]]"
#,,
#,,
#项目1竖版修正（废弃）,,
ling_li,物品id,2
newbee_xiuzheng,"【新手修正（个人）】(仅世界场景生效)建号进入第一个修正池子，进行概率修正，消耗足够后进下一个修正池子，池子走完功能结束  [[修正池子id,进下一个修正所需消耗,概率修正万分比]，…]，出池子时累计修正清0，所有池子走完离开新手修正","[[[0,29,50000]]]"
server_xiuzheng,"【服务器修正（服务器）】(仅世界场景生效，不标新新手修正期间的人，到对应时间【0.如果有其中一个值大于200000000，总掉落大：（总掉落=总掉落-总消耗/2/10000*server_xiuzheng_expect）（总消耗=总消耗/2） 总消耗大：（总消耗=总消耗-总掉落/2/server_xiuzheng_expect*10000）（总掉落=总掉落/2）】【1.清空原有标记】【2.不生效判断：如果（总掉落-总消耗*期望万分比）在不生效范围则不进清0也不标记直接结束这次】【2.清0判断：总掉落/（总消耗+1）的万分比在清零范围内则清0记录的总消耗和总掉落并且不进入标记】【4.标记】总掉落/（总消耗+1）*10000 [万分比下限，万分比上限[[修正万分比,修正人数比例万分比]，[修正万分比,修正人数比例万分比]…]，万分比下限，万分比上限[[修正万分比,修正人数比例万分比]，[修正万分比,修正人数比例万分比]…]","[[0,6999,[[10000,1000],[8000,1000],[13000,7000],[10000,1000]]],[7000,8999,[[10000,1000],[8000,2000],[13000,6000],[10000,1000]]],[9000,9499,[[10000,1000],[7500,2500],[12500,5500],[10000,1000]]],[9500,10499,[[10000,1000],[7500,5500],[12500,2500],[10000,1000]]],[10500,13999,[[10000,1000],[7000,6000],[12000,2000],[10000,1000]]],[14000,0,[[10000,1000],[7000,7000],[12000,1000],[10000,1000]]]]"
server_xiuzheng_time,【服务器修正】间隔时间ms,90000
server_xiuzheng_reset_range,【服务器修正】清0的万分比范围,"[9300,9700]"
server_xiuzheng_expect,【服务器修正】输赢期望的总掉落/（总消耗+1）,9500
server_xiuzheng_inoperative_range,【服务器修正】不生效范围,"[-10000,10000]"
#,,
#横版个人修正（废弃）,,
coin_personal_xiuzheng_list,"【金币个人修正】[[池子id,[[修正id,权重]…]…]","[[1,[[1,50],[2,200]]],[2,[[1,50],[3,200]]]]"
coin_personal_xiuzheng_count_list,"【金币个人修正】每次修正次数[[修正id,修正下限,修正上限],]","[[1,30,60],[2,80,500],[3,80,500]]"
coin_personal_add_times,【金币个人修正】补充的时候补充当前值的多少倍,500
coin_personal_back_need_times,【金币个人修正】触底反弹拥有的量低于多少倍攻击时触发,30
coin_personal_back_times,【金币个人修正】触底反弹每天固定触发多少次,5
coin_personal_back_per,【金币个人修正】触底反弹触发概率,500
coin_personal_back_list,"【金币个人修正】触底反弹列表[修正次数下限,修正次数上限,修正id]","[50,200,2]"
hp_mode_coin_personal_xiuzheng_count_list,"【血条版本金币个人修正】每次修正次数[[修正id,修正下限,修正上限],]","[[1,5,10],[2,15,40],[3,5,20]]"
hp_mode_coin_personal_back_list,"【血条版本金币个人修正】触底反弹列表[修正次数下限,修正次数上限,修正id]","[10,40,2]"
diamond_personal_xiuzheng_list,"【钻石个人修正】[[池子id,[[修正万分比,权重,扣除池子,扣除倍率]…]…]","[[1,[[1,50],[2,200]]],[2,[[1,50],[3,200]]]]"
diamond_personal_xiuzheng_count_list,"【钻石个人修正】每次修正次数[[修正万分比,修正下限,修正上限],]","[[1,3,15],[2,5,15],[3,5,15]]"
diamond_personal_add_times,【钻石个人修正】补充的时候补充当前值的多少倍,400
diamond_personal_back_need_times,【钻石个人修正】触底反弹拥有的量低于多少倍攻击时触发,20
diamond_personal_back_times,【钻石个人修正】触底反弹每天固定触发多少次,2
diamond_personal_back_per,【钻石个人修正】触底反弹触发概率,500
diamond_personal_back_list,"【钻石个人修正】触底反弹列表[修正次数下限,修正次数上限,修正万分比,扣除池子,扣除倍率]","[5,15,2]"
hp_mode_diamond_personal_xiuzheng_count_list,"【血条版本钻石个人修正】每次修正次数[[修正万分比,修正下限,修正上限],]","[[1,2,10],[2,3,10],[3,3,10]]"
hp_mode_diamond_personal_back_list,"【血条版本钻石个人修正】触底反弹列表[修正次数下限,修正次数上限,修正万分比,扣除池子,扣除倍率]","[3,5,2]"
#,,
#横版全服修正（废弃）,,
coin_xiuzheng_rate,【金币全服修正】期望比例,9600
coin_xiuzheng_list,"【金币全服修正】决定修正id[金币池子下限,金币池子上限,[修正id列表]]…","[[-99999999,-1000000,[3]],[-999999,-100000,[3,3,3,2]],[-99999,99999,[2,3]],[100000,999999,[2,2,2,3]],[1000000,99999999,[2]]]"
coin_xiuzheng_count_list,"【金币全服修正】每次修正次数[[修正id,修正下限,修正上限],]","[[1,10,20],[2,80,1000],[3,80,1000]]"
hp_mode_coin_xiuzheng_count_list,"【血条版本金币全服修正】每次修正次数[[修正id,修正下限,修正上限],]","[[1,5,10],[2,10,500],[3,10,500]]"
coin_back_need_times,【金币全服修正】触底反弹拥有的量低于多少倍攻击时触发,30
coin_back_times,【金币全服修正】触底反弹每天固定触发多少次,1
coin_back_per,【金币全服修正】触底反弹触发概率,50
coin_back_list,"【金币全服修正】触底反弹列表[修正次数下限,修正次数上限,修正id]","[50,200,2]"
hp_mode_coin_back_list,"【血条版本金币全服修正】触底反弹列表[修正次数下限,修正次数上限,修正id]","[10,40,2]"
diamond_xiuzheng_rate,【钻石全服修正】期望比例,9600
diamond_xiuzheng_list,"【钻石全服修正】决定修正id[钻石池子下限,钻石池子上限,[修正id列表]]…","[[-99999999,-1000000,[3]],[-999999,-100000,[3,3,3,2]],[-99999,99999,[2,3]],[100000,999999,[2,2,2,3]],[1000000,99999999,[2]]]"
diamond_xiuzheng_count_list,"【钻石全服修正】每次修正次数[[修正id,修正下限,修正上限],]","[[1,10,20],[2,80,1000],[3,80,1000]]"
hp_mode_diamond_xiuzheng_count_list,"【血条版本钻石全服修正】每次修正次数[[修正id,修正下限,修正上限],]","[[1,2,10],[2,3,10],[3,3,10]]"
diamond_back_need_times,【钻石全服修正】触底反弹拥有的量低于多少倍攻击时触发,30
diamond_back_times,【钻石全服修正】触底反弹每天固定触发多少次,1
diamond_back_per,【钻石全服修正】触底反弹触发概率,50
diamond_back_list,"【钻石全服修正】触底反弹列表[修正次数下限,修正次数上限,修正id]","[50,200,2]"
hp_mode_diamond_back_list,"【血条版本钻石全服修正】触底反弹列表[修正次数下限,修正次数上限,修正id]","[3,5,2]"
#,,
#地图大盘概率版本,,
choushui_list,【金币地图修正】期望比例[地图，期望],"[[1001,9800],[1002,9800],[1003,9800],[1004,9800],[1005,9800],[1006,9800],[1007,9800],[1008,9800],[1009,9800],[1010,9800],[1011,9800],[1012,9800]]"
market_bodong,【地图波动限制】决定地图大盘周期波动范围[地图，[下限，上限]],"[[1001,[9700,10300]],[1002,[9700,10300]],[1003,[9700,10300]],[1004,[9700,10300]],[1005,[9700,10300]],[1006,[9700,10300]],[1007,[9700,10300]],[1008,[9700,10300]],[1009,[9700,10300]],[1010,[9700,10300]],[1011,[9700,10300]],[1012,[9700,10300]]]"
market_bodongLimit,【地图波动限制】决定地图大盘最终波动上下限[下限，上限],"[9200,10800]"
range_dapanyingkui,"【地图波动限制】根据大盘实际波动判断盈亏状态的范围[大亏，[下限，上限]，[小亏，[下限，上限]],[小赚，[下限，上限]],[大赚,[下限，上限]]","[[4,[9200,9600]],[3,[9600,10000]],[2,[10000,10400]],[1,[10400,10800]]]"
roomJackpot_jine,【金币地图修正】对应地图奖池金额[地图，金额],"[[1001,100000],[1002,2000000],[1003,20000000],[1004,200000000],[1005,200000],[1006,2000000],[1007,20000000],[1008,200000000],[1009,200000],[1010,200000],[1011,2000000],[1012,2000000]]"
randomProfitLoss_zhouqi,"【地图波动限制】决定地图重新分配房间盈亏值周期，单位：秒[地图,[下限，上限]]","[[1001,[100,180]],[1002,[100,180]],[1003,[100,180]],[1004,[100,180]],[1005,[100,180]],[1006,[100,180]],[1007,[100,180]],[1008,[100,180]],[1009,[100,180]],[1010,[100,180]],[1011,[100,180]],[1012,[100,180]]]"
playerRandomProfitLoss_zhouqi,【地图波动限制】决定地图内房间重新分配玩家盈亏值周期，单位：秒[地图，[下限，上限]],"[[1001,[80,200]],[1002,[80,200]],[1003,[80,200]],[1004,[80,200]],[1005,[80,200]],[1006,[80,200]],[1007,[80,200]],[1008,[80,200]],[1009,[80,200]],[1010,[80,200]],[1011,[80,200]],[1012,[80,200]]]"
labelProbability_dakui,【地图波动限制】决定大盘在指定周期内房间盈亏标记生成概率[大盘状态，[大亏，小亏，小赚，大赚]],"[[1,[300,1500,5000,10000]],[2,[1500,3500,6500,10000]],[3,[3500,6500,8500,10000]],[4,[5000,8500,9700,10000]]]"
roomLabelLimit_dakui,【地图波动限制】决定房间在指定周期内盈亏值生成范围[房间状态，[下限，上限]],"[[1,[11100,11200]],[2,[11000,11100]],[3,[8900,9000]],[4,[8800,8900]]]"
playerLabelProbability_dakui,【地图波动限制】决定房间在指定周期内玩家盈亏标记生成概率[房间状态，[大亏，小亏，平，小赚，大赚]],"[[1,[1200,3000,4555,7900,10000]],[2,[1600,4000,5333,8200,10000]],[3,[2400,6000,6889,8800,10000]],[4,[2800,7000,7667,9100,10000]],[5,[2000,5000,6111,8500,10000]]]"
playerLabelLimit_dakui,【地图波动限制】决定玩家在指定周期内盈亏值生成范围[玩家状态，[下限，上限]],"[[1,[20000,33333]],[2,[12000,17000]],[3,[3000,8000]],[4,[3000,5000]],[5,[9500,10000]]]"
onePlayerLabelLimit_dakui,【地图波动限制】决定单人玩家在指定周期内盈亏值生成范围[[单人盈亏值下限，单人盈亏值上限]，[盈亏标记1，随机概率]，[盈亏标记2，随机概率]...],"[[[11501,1000000],[[3,1],[2,9999]]],[[11251,11500],[[3,1000],[2,9000]]],[[8750,11250],[[2,5000],[3,5000]]],[[8500,8751],[[3,9000],[2,1000]]],[[-10000000,8501],[[3,9999],[2,1]]]]"
originalMonsterProbability,【攻击修正】决定进入怪物原先概率计算的系数,"[10000]"
skill_xiuzheng_list,"【主动技能单独修正】[[技能id,[[修正,权重]…]]…]   [[4,[[8000,1],[12000,1]]],[5,[[10000,1]]]]","[[4,[[8000,1],[12000,1]]],[5,[[10000,1]]]]"
boss_xiuzheng_list,"【BOSS修正】BOSS池子/（地图奖金金额/1000）=修正判断值 [[判断值下限,判断值上限,修正]…]","[[-99999999,-101,0],[-100,-11,5000],[-10,10,10000],[11,100,17500],[101,99999999,1000000]]"
rebound_list,"【触底、暴富修正】用来修正玩家暴富和巨亏[[暴富系数下限，暴富系数上限],每日触发上限，持续时间单位秒，触发cd单位秒，[修正随机下限，修正随机上限]]","[[[8500,10000],4,70,300,[20000,30000]],[[-100000000,-20000],9999,15,50,[3000,5000]]]"
openReboundCorrect,"【触底、暴富修正】对应地图判断是否开启修正[地图,期望]","[[1001,500],[1002,250],[1003,250],[1004,250],[1005,250],[1006,250],[1007,250],[1008,250],[1009,250],[1010,250],[1011,250],[1012,250]]"
correctEnd_list,"【触底、暴富修正】反弹失效时机[概率，[万分比下限,万分比上限]]","[[7000,[7000,8000]],[2000,[8001,9000]],[600,[9001,10000]],[400,[10001,11000]]]"
#新手期修正,,
noviceCorrection_List,"【新手修正】新手修正开启逻辑[[[经验石获得下限，经验石获得上限],[[剧本id,修正值]…]（必定0-4一共5套剧本）],…]（剧本配置仅为0时结束新手修正）","[[[0,3],[[0,11000],[1,11000],[2,11000],[3,11000],[4,11000]]],[[4,10],[[0,8500],[1,11000],[2,8500],[3,8500],[4,11000]]],[[11,20],[[0,8500],[1,8500],[2,11000],[3,11000],[4,8500]]],[[21,35],[[0,11000],[1,8500],[2,8500],[3,11000],[4,11000]]],[[36,52],[[0,11000],[1,11000],[2,11000],[3,8500],[4,8500]]],[[53,72],[[0,8500],[1,11000],[2,8500],[3,8500],[4,11000]]],[[73,97],[[0,8500],[1,8500],[2,11000],[3,11000],[4,8500]]],[[98,122],[[0,11000],[1,8500],[2,8500],[3,8500],[4,8500]]],[[123,152],[[0,11000],[1,11000],[2,11000],[3,11000],[4,11000]]],[[153,427],[[0,8500],[1,11000],[2,8500],[3,8500],[4,8500]]],[[428,0],[0]]]"
#,,
#横版血条版本,,"[[-99999999,-2001,0],[-2000,-201,2000],[-200,-51,5000],[-50,50,10000],[51,200,15000],[201,2000,18000],[2001,99999999,100000]]"
hp_mode_delete_time,【血条版本】长时间没打且出范围清空累计的【判断时间ms】,10000
hp_mode_delete_range,【血条版本】长时间没打且出范围清空累计的【判断距离-格子】,8
hp_mode_miss_per,【血条版本】伤害被闪避概率（万分比）,1000
hp_mode_crit_per,【血条版本】伤害暴击概率（万分比）,1000
hp_mode_crit_damage_per,【血条版本】伤害暴击倍数（万分比）,20000
hp_mode_hp_recover_time,【血条版本】多久没受到攻击开始回血ms,10000
hp_mode_hp_recover_cd_time,【血条版本】回血状态多久回血一次ms,1000
hp_mode_hp_recover_per,【血条版本】回血状态每次回复多少生命（万分比向上取整）,1000
#,,
#大招弹出结算奖励,,
skill_gold_jiesuan,大招弹出金币奖励金币大于等于弹出,10000
skill_rmb_jiesuan,大招弹出钻石奖励金币大于等于弹出,1000
skill_jifen_jiesuan,大招弹出积分奖励金币大于等于弹出,10000
#,,
#怒气大招技能特效ID,,
skill_anger_effect_id_list,"怒气大招技能特效ID[技能ID,技能ID…]","[2001,2002,2003,2006,2007]"
skill_anger_effect_value_list,"大招技能【[特效ID，[大招致怪死方式(默认0，取怪物表)，硬直时间(毫秒)，开始拉镜头->动作延迟时间(毫秒)，开始拉镜头->特效时间(毫秒)，开始播技能->结算金币延迟时间(毫秒),开始播技能->播放受击动作延迟(毫秒)]]】","[[2001,[1,500,0,0,2700,1800]],[2002,[1,500,0,0,2700,1800]],[2003,[1,500,0,0,2700,1800]],[2004,[1,500,0,1200,2700,1800]],[2005,[1,500,0,0,2700,1800]],[2006,[1,500,0,0,2700,1800]],[2007,[1,500,0,0,2700,1800]],[2008,[1,500,0,0,2700,1800]],[2009,[1,500,0,0,2700,1800]]]"
#怒气大招参数,,
skill_anger_total,大招怒气总量,10000
skill_anger_reply_value,每次回复怒气值,15
skill_anger_interval,间隔多少秒回复怒气（毫秒）,135
skill_attack_number,大招攻击单个怪物次数,50
skill_consume_percentage,大招每次消耗比例（万分比）,10000
skill_anger_use_limit,大招使用限制（至少要当前倍率*X的钻石或金币才能使用）,50
#,,
#血量版本大招参数,,
skill_total_attack_number,怒气大招总攻击次数,50
#,,
#单体技能,,
skill_single_charge_time,单体技能回复时间ms,5000
skill_single_charge_cd_time,单体技能间隔时间ms,1000
skill_single_times,单体技能最大累计次数,3
skill_single_total_attack_number,单体技能攻击次数（当今拥有值，小于当前消耗*次数，提示击毙/钻石不足）,30
#突进技能相关,,
skill_dash_charge_time,突进技能回复时间ms,5000
skill_dash_charge_cd_time,突进技能间隔时间ms,0
skill_dash_times,突进技能最大累计次数,3
skill_dash_range,突进技能距离,300
#普攻相关,,
attack_auto_list,普攻自动战斗动作循环,"[901,902,903,903]"
attack_ref_name_list,普攻对应资源的名字（普攻id_资源名字）,901_attack01|902_attack02|903_attack03
attack_quick_start_click_time,进普攻3所需条件-点击时间ms,1000
attack_quick_start_click_count,进普攻3所需条件-点击次数,2
attack_quick_stop_click_time,出普攻3所需条件-点击时间ms,1000
attack_range_list,"攻击距离椭圆范围[a,b]","[440,260]"
attack_effect_speed,攻击播放刀光时速度 [距离像素，使用毫秒],"[80,100]"
attack_stop_move,普攻后多少时间内无法移动（毫秒）,400
attack_monster_hp_hide,怪物多少时间未被攻击消失血条(毫秒),3000
attack_baoji_list,玩家攻击怪物暴击震动配置 [震动间隔(毫秒)，震动位移，震动时长(毫秒)],"[300,10,260]"
#,,
#角色攻击换目标距离像素,,
attack_target_distance,角色离开怪物距离更新目标【像素】,350
#三个功能性技能,,
speed_time,狂暴技能持续时间（ms）,10000
speed_time_cd,狂暴技能使用间隔时间（ms）,10000
speed_attack_parameter,狂暴技能攻击狂暴效果[攻击间隔*10000/参数],25000
speed_move_parameter,狂暴技能移动狂暴效果[移动速度*参数/10000],15000
#狂暴,,
speed_open,狂暴技能开启角色等级,1
speed_cost,狂暴技能消耗[id，数量],"[201,1]"
#冰冻技能,,
freeze_time_cd,冰冻技能间隔时间（ms）,10000
freeze_parameter,冰冻技能[冰冻时间]（ms）,12000
freeze_open,冰冻技能开启角色等级,1
freeze_cost,冰冻技能消耗[id，数量],"[202,1]"
freeze_balance_grid,冰冻技能格子范围,10
#自动技能,,
auto_vip_open,自动战斗VIP 开启等级,1
auto_time,自动战斗技能持续时间（ms）,10000
auto_time_cd,自动战斗间隔时间（ms）,10000
auto_open,自动战斗技能开启角色等级,1
auto_cost,自动战斗技能消耗[id，数量],"[203,1]"
auto_scope,自动战斗技能搜索范围,5
#语言相关,,
sound_att_short_per,攻击播放【短战斗配音】的概率万分比,1200
sound_att_normal_per,攻击播放【普通配音】的概率万分比,150
sound_time_list,"多久没播放配音自动播放，时间ms【下限,上限】","[6000,8000]"
#效果怪物死亡时间,,
monster_effect1_time,【召唤怪】持续时间（ms）,600000
monster_effect1_id,【召唤怪】怪物id,1000000
monster_effect1_att_rate,"【召唤怪】继承主角消耗比例（万分比,结果=主角为武器消耗*场景倍率/10000*消耗比例/10000）",5000
monster_effect2_list,"【金币雨】[调用红包档位,红包比例（万分比，结果=红包值*红包比例/10000*武器倍率/10000*场景倍率/10000）]","[999,10000]"
monster_effect3_rate_list,"【翻牌】翻牌倍率[[倍率（万分比）,权重],[倍率（万分比）,权重]","[[10000,200],[15000,100],[20000,100],[25000,100],[30000,100],[40000,50]]"
monster_function_fanpai_time,【翻牌】自动翻牌倒计时,12000
monster_effect4_time,【双倍】持续时间（ms）,30000
monster_effect4_skill_id,【双倍】技能id,101
monster_effect4_mana_add,【双倍】存的灵力万分比,5800
monster_effect4_die_per,【双倍】概率万分比,5800
monster_function_laba_time,【拉霸】自动拉倒计时,5000
monster_function_zhuanpan_time,"【转盘】自动转倒计时,转的圈数与时间【倒计时，基础圈数，浮动圈数，基础时间，浮动时间】","[0,6,2,6,0]"
monster_function_jinbixiaoyao_list,"【金币小妖】攻击奖励列表[[返还比例万分比,权重],…]","[[0,9000],[50000,1000]]"
monster_function_jinbixiaoyao_move_time_list,"【金币小妖】移动切换时间列表（ms）[时间下限,时间上限]","[14000,20000]"
monster_function_shenlongzhufu_bless_time,【神龙祝福】祈福倒计时ms,480000
monster_function_shenlongzhufu_id,【神龙祝福】技能id,108
monster_function_shenlongzhufu_time,【神龙祝福】buff持续时间ms,30000
monster_function_shenlongzhufu_cost_list,【神龙祝福】祈福消耗[物品id，物品数量],"[60,100]"
monster_function_event_laba_list,"【事件拉霸】列表[[场景id,拉霸类型,消耗id,消耗数量]…]","[[1001,2,2,200],[1002,3,2,2000],[1003,4,2,20000],[1004,5,2,200000],[1005,6,4,20],[1006,7,4,200]]"
monster_function_event_laba_time,【事件拉霸】持续时间（ms）,30000
monster_function_event_zhuanpan_list,"【事件转盘】列表[[场景id,转盘类型,消耗id,消耗数量]…]","[[1001,2,2,1000],[1002,3,2,10000],[1003,4,2,100000],[1004,5,2,1000000],[1005,6,4,200],[1006,7,4,2000]]"
monster_function_event_zhuanpan_time,【事件转盘】持续时间（ms）,30000
monster_function_baoxiang_count_list,"【事件宝箱】数量列表[[场景人数（含机器人）,刷新数量]…]","[[1,30],[2,40],[3,50],[4,60],[5,70]]"
monster_function_baoxiang_per_list,"【事件宝箱】随机列表[[场景的标记id,[[标记id,权重]…]","[[1,[[1,0],[2,700],[3,700],[4,2000],[5,950],[6,724],[7,2600],[8,1300],[9,990],[10,36]]],[2,[[1,0],[2,700],[3,700],[4,2250],[5,950],[6,1100],[7,2300],[8,1150],[9,820],[10,30]]],[3,[[1,0],[2,700],[3,700],[4,2800],[5,1200],[6,1382],[7,1800],[8,850],[9,550],[10,18]]],[4,[[1,0],[2,700],[3,700],[4,3150],[5,1300],[6,1398],[7,1600],[8,700],[9,440],[10,12]]],[5,[[1,0],[2,700],[3,700],[4,2500],[5,1000],[6,1416],[7,2000],[8,1000],[9,660],[10,24]]]]"
monster_function_baoxiang_monster_list,"【事件宝箱】怪物列表[[场景id  ,  [[怪物id,80%期望权重]…]  ,  [[标记id,怪物id,120%期望权重]…]]","[{1001,[[30100,700],[30300,700],[30500,700],[30700,700],[30900,700],[30106,700],[30306,700],[30506,700],[30706,700],[30906,700],[30001,2500],[30201,2500],[30401,2500],[30601,2500],[30801,2500],[30002,1000],[30202,1000],[30402,1000],[30602,1000],[30802,1000],[30003,1750],[30203,1750],[30403,1750],[30603,1750],[30803,1750],[30004,2000],[30204,2000],[30404,2000],[30604,2000],[30804,2000],[30005,1000],[30205,1000],[30405,1000],[30605,1000],[30805,1000],[30006,350],[30206,350],[30406,350],[30606,350],[30806,350],[30007,0],[30207,0],[30407,0],[30607,0],[30807,0]],[[30100,700],[30300,700],[30500,700],[30700,700],[30900,700],[30106,700],[30306,700],[30506,700],[30706,700],[30906,700],[30001,1379],[30201,1379],[30401,1379],[30601,1379],[30801,1379],[30002,1000],[30202,1000],[30402,1000],[30602,1000],[30802,1000],[30003,2174],[30203,2174],[30403,2174],[30603,2174],[30803,2174],[30004,2000],[30204,2000],[30404,2000],[30604,2000],[30804,2000],[30005,1000],[30205,1000],[30405,1000],[30605,1000],[30805,1000],[30006,999],[30206,999],[30406,999],[30606,999],[30806,999],[30007,48],[30207,48],[30407,48],[30607,48],[30807,48]]},{1002,[[30101,700],[30301,700],[30501,700],[30701,700],[30901,700],[30107,700],[30307,700],[30507,700],[30707,700],[30907,700],[30001,2500],[30201,2500],[30401,2500],[30601,2500],[30801,2500],[30002,1000],[30202,1000],[30402,1000],[30602,1000],[30802,1000],[30003,1750],[30203,1750],[30403,1750],[30603,1750],[30803,1750],[30004,2000],[30204,2000],[30404,2000],[30604,2000],[30804,2000],[30005,1000],[30205,1000],[30405,1000],[30605,1000],[30805,1000],[30006,350],[30206,350],[30406,350],[30606,350],[30806,350],[30007,0],[30207,0],[30407,0],[30607,0],[30807,0]],[[30101,700],[30301,700],[30501,700],[30701,700],[30901,700],[30107,700],[30307,700],[30507,700],[30707,700],[30907,700],[30001,1379],[30201,1379],[30401,1379],[30601,1379],[30801,1379],[30002,1000],[30202,1000],[30402,1000],[30602,1000],[30802,1000],[30003,2174],[30203,2174],[30403,2174],[30603,2174],[30803,2174],[30004,2000],[30204,2000],[30404,2000],[30604,2000],[30804,2000],[30005,1000],[30205,1000],[30405,1000],[30605,1000],[30805,1000],[30006,999],[30206,999],[30406,999],[30606,999],[30806,999],[30007,48],[30207,48],[30407,48],[30607,48],[30807,48]]},{1003,[[30102,700],[30302,700],[30502,700],[30702,700],[30902,700],[30108,700],[30308,700],[30508,700],[30708,700],[30908,700],[30001,2500],[30201,2500],[30401,2500],[30601,2500],[30801,2500],[30002,1000],[30202,1000],[30402,1000],[30602,1000],[30802,1000],[30003,1750],[30203,1750],[30403,1750],[30603,1750],[30803,1750],[30004,2000],[30204,2000],[30404,2000],[30604,2000],[30804,2000],[30005,1000],[30205,1000],[30405,1000],[30605,1000],[30805,1000],[30006,350],[30206,350],[30406,350],[30606,350],[30806,350],[30007,0],[30207,0],[30407,0],[30607,0],[30807,0]],[[30102,700],[30302,700],[30502,700],[30702,700],[30902,700],[30108,700],[30308,700],[30508,700],[30708,700],[30908,700],[30001,1379],[30201,1379],[30401,1379],[30601,1379],[30801,1379],[30002,1000],[30202,1000],[30402,1000],[30602,1000],[30802,1000],[30003,2174],[30203,2174],[30403,2174],[30603,2174],[30803,2174],[30004,2000],[30204,2000],[30404,2000],[30604,2000],[30804,2000],[30005,1000],[30205,1000],[30405,1000],[30605,1000],[30805,1000],[30006,999],[30206,999],[30406,999],[30606,999],[30806,999],[30007,48],[30207,48],[30407,48],[30607,48],[30807,48]]},{1004,[[30103,700],[30303,700],[30503,700],[30703,700],[30903,700],[30109,700],[30309,700],[30509,700],[30709,700],[30909,700],[30001,2500],[30201,2500],[30401,2500],[30601,2500],[30801,2500],[30002,1000],[30202,1000],[30402,1000],[30602,1000],[30802,1000],[30003,1750],[30203,1750],[30403,1750],[30603,1750],[30803,1750],[30004,2000],[30204,2000],[30404,2000],[30604,2000],[30804,2000],[30005,1000],[30205,1000],[30405,1000],[30605,1000],[30805,1000],[30006,350],[30206,350],[30406,350],[30606,350],[30806,350],[30007,0],[30207,0],[30407,0],[30607,0],[30807,0]],[[30103,700],[30303,700],[30503,700],[30703,700],[30903,700],[30109,700],[30309,700],[30509,700],[30709,700],[30909,700],[30001,1379],[30201,1379],[30401,1379],[30601,1379],[30801,1379],[30002,1000],[30202,1000],[30402,1000],[30602,1000],[30802,1000],[30003,2174],[30203,2174],[30403,2174],[30603,2174],[30803,2174],[30004,2000],[30204,2000],[30404,2000],[30604,2000],[30804,2000],[30005,1000],[30205,1000],[30405,1000],[30605,1000],[30805,1000],[30006,999],[30206,999],[30406,999],[30606,999],[30806,999],[30007,48],[30207,48],[30407,48],[30607,48],[30807,48]]},{1005,[[30104,700],[30304,700],[30504,700],[30704,700],[30904,700],[30110,700],[30310,700],[30510,700],[30710,700],[30910,700],[30001,2500],[30201,2500],[30401,2500],[30601,2500],[30801,2500],[30002,1000],[30202,1000],[30402,1000],[30602,1000],[30802,1000],[30003,1750],[30203,1750],[30403,1750],[30603,1750],[30803,1750],[30004,2000],[30204,2000],[30404,2000],[30604,2000],[30804,2000],[30005,1000],[30205,1000],[30405,1000],[30605,1000],[30805,1000],[30006,350],[30206,350],[30406,350],[30606,350],[30806,350],[30007,0],[30207,0],[30407,0],[30607,0],[30807,0]],[[30104,700],[30304,700],[30504,700],[30704,700],[30904,700],[30110,700],[30310,700],[30510,700],[30710,700],[30910,700],[30001,1379],[30201,1379],[30401,1379],[30601,1379],[30801,1379],[30002,1000],[30202,1000],[30402,1000],[30602,1000],[30802,1000],[30003,2174],[30203,2174],[30403,2174],[30603,2174],[30803,2174],[30004,2000],[30204,2000],[30404,2000],[30604,2000],[30804,2000],[30005,1000],[30205,1000],[30405,1000],[30605,1000],[30805,1000],[30006,999],[30206,999],[30406,999],[30606,999],[30806,999],[30007,48],[30207,48],[30407,48],[30607,48],[30807,48]]},{1006,[[30105,700],[30305,700],[30505,700],[30705,700],[30905,700],[30111,700],[30311,700],[30511,700],[30711,700],[30911,700],[30001,2500],[30201,2500],[30401,2500],[30601,2500],[30801,2500],[30002,1000],[30202,1000],[30402,1000],[30602,1000],[30802,1000],[30003,1750],[30203,1750],[30403,1750],[30603,1750],[30803,1750],[30004,2000],[30204,2000],[30404,2000],[30604,2000],[30804,2000],[30005,1000],[30205,1000],[30405,1000],[30605,1000],[30805,1000],[30006,350],[30206,350],[30406,350],[30606,350],[30806,350],[30007,0],[30207,0],[30407,0],[30607,0],[30807,0]],[[30105,700],[30305,700],[30505,700],[30705,700],[30905,700],[30111,700],[30311,700],[30511,700],[30711,700],[30911,700],[30001,1379],[30201,1379],[30401,1379],[30601,1379],[30801,1379],[30002,1000],[30202,1000],[30402,1000],[30602,1000],[30802,1000],[30003,2174],[30203,2174],[30403,2174],[30603,2174],[30803,2174],[30004,2000],[30204,2000],[30404,2000],[30604,2000],[30804,2000],[30005,1000],[30205,1000],[30405,1000],[30605,1000],[30805,1000],[30006,999],[30206,999],[30406,999],[30606,999],[30806,999],[30007,48],[30207,48],[30407,48],[30607,48],[30807,48]]}]"
monster_function_baoxiang_time,【事件宝箱】持续时间（ms）,30000
monster_function_baoxiang_x_y_group,【事件宝箱】坐标组别,0
monster_function_caiqiu_minster_id_list,"【事件彩球】怪物id列表【[怪物id,权重]】","[[40001,1],[40002,1],[40003,1],[40004,1],[40005,1]]"
monster_function_caiqiu_x_y_group,【事件彩球】坐标组别（参考宝箱的做法）,200
#,,
#六选一表现,,
#,,
guess_boss_times_weights,"猜一猜boss出手次数权重[[次数,权重]…]","[[2,2000],[3,5000],[4,5000],[5,1000]]"
guess_boss_birth_position_range_list,"猜一猜boss出生偏移[x偏移下限,x偏移上限,y偏移下限,y偏移上限]","[0,0,0,0]"
guess_boss_max_hp_list,猜一猜boss最大血量列表,"[10000,10000,10000,10000,10000,10000]"
guess_boss_skill_time_list,猜一猜boss技能回合间隔时间s,"[3,5]"
guess_boss_hurt_changetarget_per,猜一猜boss受到攻击改变主目标概率（万分比）,0
guess_boss_skill_move_per,猜一猜boss放技能时增加的移动速度比例（万分比）,30000
guess_boss_cheat_skill_choose_per,猜一猜boss作弊1.技能选目标时赢家的权重,7000
guess_boss_cheat_skill_up,猜一猜boss作弊2.选人放技能时更容易放随到赢家,20000
#六选一,,
guess_mission_id,missionid（默认关卡1）不用了,1
guess_max_limit,个人对单个BOSS最大下注值,500000
guess_first_enter_stand_time,首次进入提示弹窗停留时间（0为不自动关闭）,0
guess_mission_time,一局时间(ms)包括等待时间,180000
guess_mission_wait_time,每局等待时间(ms),120000
guess_mission_boss_list,猜一猜BOSS列表,"[1001,1002]"
guess_cost_list,猜一猜消耗列表,"[[4,100],[4,500],[4,2000],[4,10000],[4,50000],[4,100000]]"
guess_rate_list,"猜一猜下注列表[位置,赔率] 0左边 1右边","[[0,19500],[1,19500]]"
guess_count_icon_list,"猜一猜总下注icon显示[下限,上限,使用icon]","[[0,100,1],[101,1000,2],[1001,5000,3]]"
#英雄VSBOSS,,
hero_vs_boss_mission_cost_list,消耗列表,"[[4,100],[4,500],[4,2000],[4,10000],[4,50000],[4,100000]]"
hero_vs_boss_mission_rate_list,"下注列表[位置,赔率] 0左边 1右边","[[0,19500],[1,19500]]"
hero_vs_boss_mission_count_icon_list,"总下注icon显示[下限,上限,使用icon]","[[0,100,1],[101,1000,2],[1001,5000,3]]"
hero_vs_boss_mission_boss_hp,BOSS血量,10000
hero_vs_boss_mission_hero_hp,hero血量,100000
hero_vs_boss_mission_boss_list,BOSS列表,"[1001,1002]"
hero_vs_boss_mission_hero_list,"hero列表【[[英雄id,武器id,饰品id,普攻id,技能id],…]","[[2,201,251,1,4],[12,1201,1251,1,4]]"
hero_vs_boss_mission_max_limit,个人对单个BOSS最大下注值,500000
hero_vs_boss_mission_first_enter_stand_time,首次进入提示弹窗停留时间（0为不自动关闭）,0
hero_vs_boss_mission_round_time,每轮战斗时间（ms）,15000
hero_vs_boss_mission_stand_time,每轮战斗等待时间（ms）,10000
hero_vs_boss_mission_bet_time,每轮战斗投注时间（ms）,12000
hero_vs_boss_mission_opening_show,每轮战斗播放动画的时间（ms）,5000
hero_vs_boss_mission_birth_effect,每轮战斗boss出生特效时长（ms）,5000
hero_vs_boss_mission_victory_animation,boss获胜动画时长（ms）,5000
hero_vs_boss_mission_skill_first_time_list,第一次技能时间【下限，上限】,"[4,8]"
hero_vs_boss_mission_skill_cd_time_list,技能cd时间【下限，上限】,"[3,5]"
hero_vs_boss_mission_hero_enter,英雄出场时间｛随机2个英雄｝（ms）,5000
#,,
#时时彩,,
shishi_rate,银币保存比例（万分比）,9800
shishi_rewarld_list,"奖励list[时间间隔锚点活动开始（ms）,结算比例,奖励类型]（大奖1,休息0）【结算的时候第一版按照权重取幸运儿（12/20号】","[[60000,10000,1],[20000,0,0]]"
shishi_mission_id,missionid（默认关卡1）不用了,103
shishi_robot_birth_time,"实时彩机器人刷新[[时间下限,时间上限,随机人数下限,随机人数上限],[时间下限,时间上限,随机人数下限,随机人数上限]..]","[[1,5000,0,1],[1,30000,2,4],[30000,60000,0,2]]"
shishi_robot_stay_time,"实时彩机器人时间[[战斗时间下限,战斗时间上限,发呆时间下限,发呆时间上限,概率],…]","[[5000,10000,500,1000,2400],[10001,20000,500,1000,2100],[20001,40000,500,1000,900],[40001,120000,500,1000,600],[5000,10000,1000,5000,1200],[10001,20000,1000,5000,1050],[20001,40000,1000,5000,450],[40001,120000,1000,5000,300],[5000,10000,5000,150000,400],[10001,20000,5000,150000,350],[20001,40000,5000,150000,150],[40001,120000,5000,150000,100]]"
shishi_robot_mana_multiple,"实时彩机器人倍率[[倍率,概率]…]","[[1,5500],[10,3000],[100,1500]]"
shishi_robot_delay_time,"实时彩机器人创建发呆时间[[时间下限,时间上限,概率]..]","[[0,300,4000],[301,1000,4000],[1000,5000,2000]]"
shishi_robot_mana_weapon,实时彩机器人进入场景消耗银币值[银币，银币],"[10,50,100,150,200,300,400,500,600,700,800,1000]"
shishi_robot_player_num,"实时彩机器人根据真实玩家随机机器人上限[[真实玩家下限,真实玩家上限，随机人数上限]，[真实玩家下限,真实玩家上限，随机人数上限]...]","[[1,3,5],[4,6,4],[7,10,3],[11,15,2],[16,20,1],[21,0,0]]"
#,,
#场景入口的4个方向容器大小,,
#,,
entrance_list,按照顺时针方向,"[[590,0],[0,450],[580,0],[0,400]]"
#快速开始,,
quick_start_scene_list,"快速开始判断列表[[金币下限,金币上限,[场景id列表]]…","[[0,9999,[1001]],[10000,99999,[1002,1001]],[100000,999999,[1003,1002,1001]],[1000000,0,[1004,1003,1002,1001]]]"
#攻击怪物获得灵力值特效范围,,
#,,
attack_mana_list,灵力值，特效范围,"[[1,5],[100,8],[300,12],[600,13],[800,15],[1200,16],[1700,17],[2300,18],[3000,20],[5000,21],[7000,22],[10000,23],[20000,24]]"
#,,
#聊天,,
#,,
chat_need_level,聊天需求等级,50
chat_max_len,聊天消息最大字符数,50
chat_cd,聊天cd(s),5
chat_rednotice_cd,场景聊天按钮红点提示cd(s),300
#,,
#时间轴事件,,
#,,
timeline_event_max_time,时间轴事件触发时长,120000
#,,
#签到#,,
#,,
everyday_sign_buqian_pay,补签消耗的元宝数量,50
everyday_sign_round,签到月份循环[月份起始，月份终止],"[2,4]"
#,,
#充值活动#,,
#推广,,
promote_award_today_times_limit,推广奖励当天领取次数上限,1
promote_list,"[[级别,万分比],[级别,万分比]…]","[[1,300],[2,100]]"
#主线任务,,
repair_task,"修复任务[修复版本:如202012171,[{repair_task_id,delete_task_id_list}]]","[{2021040801,[{1006,[1001,1002,1003,1004,1005,1007,1008,1009,1010,1011]}]}]"
# 版本编号 用来控制iOS登录账号的。勿动,,
iOS_version,版本号，跟iOS商量好的用来指定前端到底是为微信登录还是用imei登录的值,1
#组队时时彩,,
many_people_shishi_rate,组队时时彩银币保存比例（万分比）,9000
many_people_shishi_number_max,组队时时彩房间人数上限,6
many_people_shishi_ui_off_list1,"组队时时彩房间BOSS偏移量 1[x,y,缩放]","[0,-9,0.63]"
many_people_shishi_ui_off_list2,"组队时时彩房间BOSS偏移量 2[x,y,缩放]","[9,15,0.69]"
many_people_shishi_ui_off_list3,"组队时时彩房间BOSS偏移量 3[x,y,缩放]","[-22.5,-43,0.63]"
many_people_shishi_ui_off_list4,"组队时时彩房间BOSS偏移量 4[x,y,缩放]","[0,-37.5,0.69]"
many_people_shishi_ui_off_list5,"组队时时彩房间BOSS偏移量 5[x,y,缩放]","[9,-22.5,0.6]"
many_people_shishi_ui_off_list6,"组队时时彩房间BOSS偏移量 6[x,y,缩放]","[0,-15,0.615]"
many_people_shishi_list_off_list1,"列表BOSS偏移量1 [x,y,缩放]","[0,-6,0.42]"
many_people_shishi_list_off_list2,"列表BOSS偏移量2 [x,y,缩放]","[6,10,0.46]"
many_people_shishi_list_off_list3,"列表BOSS偏移量3 [x,y,缩放]","[-15,-35,0.42]"
many_people_shishi_list_off_list4,"列表BOSS偏移量4 [x,y,缩放]","[0,-25,0.46]"
many_people_shishi_list_off_list5,"列表BOSS偏移量5 [x,y,缩放]","[6,-15,0.4]"
many_people_shishi_list_off_list6,"列表BOSS偏移量6 [x,y,缩放]","[0,-10,0.41]"
#红包功能排队间隔,,
red_package_line_time,"[{红包数量下限,红包数量上限,间隔时间下限s,间隔时间上限s},…]","[{0,3,120,360},{4,10,90,240},{10,20,60,180},{20,0,30,60}]"
#组队类型副本等待时间s,,
group_mission_wait_time,组队类型副本等待时间s,60
#,,
#场景玩家自己的名字颜色配置,,
#玩家名字颜色,,
main_player_name_color_id,玩家自己名字颜色-对应color表ID,102
other_player_name_color_id,其他玩家名字颜色-对应color表ID,101
#,,
#,,
#充值比例,,
recharge_ratio,充值比例1:100,100
#,,
#回收泡泡文提示时间配置,,
tixian_time_list,"[显示8秒，显示随机，停留150秒，停留随机]","[8,7,150,120]"
#七天登陆拉霸,,
seven_login_bingo_list,"[[点数,点数,点数,金额],…]","[[6,6,6,200000],[4,4,4,500000],[0,0,0,1000000]]"
seven_login_base_rate,七天登陆拉霸基础倍率,5000
#场景BOSS,,
scene_boss_guess_cost_list,场景BOSS消耗列表,"[[4,100],[4,500],[4,2000],[4,10000],[4,50000],[4,100000]]"
scene_boss_location_change_time_list,"位置BOSS位置变更（刷新到一个新的位置）[时间下限,时间上限](ms)","[7000,14000]"
scene_boss_location_list,"位置赔率[[竞猜id,[对应位置列表],赔率]…]  【1-1位置，2-2位置，3-3位置，4-4位置，5-5位置，6-6位置，7-单，8-双，9-大，10-小】","[[1,[1],57000],[2,[2],57000],[3,[3],57000],[4,[4],57000],[5,[5],57000],[6,[6],57000],[7,[1,3,5],19000],[8,[2,4,6],19000],[9,[4,5,6],19000],[10,[1,2,3],19000]]"
scene_boss_count_list,"刀数赔率[[竞猜id,[刀数下限,刀数上限],赔率]…] ","[[0,[1,500],38000],[1,[501,750],76000],[2,[751,1000],76000],[3,[1001,1100],190000],[4,[1101,1150],380000],[5,[1151,1250],190000],[6,[1251,1500],76000],[7,[1501,0],38000]]"
scene_boss_count_dead_list,"刀数死亡作弊[[竞猜id,[刀数下限,刀数上限],权重]…]","[[0,[50,500],500],[1,[501,750],250],[2,[751,1000],250],[3,[1001,1100],100],[4,[1101,1150],50],[5,[1151,1250],100],[6,[1251,1500],250],[7,[1501,2000],500]]"
scene_boss_rate,BOSS竞猜比例,9500
scene_boss_location_xiuzheng_list,"位置BOSS修正列表【竞猜池子下限,竞猜池子上限,[选取的排序列表]】（排序列表按我们赚多到赚少到亏钱排序123456）","[[-9999999999,-100000,[1,2]],[-99999,-10000,[1,2,3,4]],[10000,99999,[3,4,5,6]],[100000,9999999999,[5,6]]]"
scene_boss_count_xiuzheng_list,"刀数BOSS修正列表【竞猜池子下限,竞猜池子上限,[选取的排序列表]】（排序列表按我们赚多到赚少到亏钱排序123456）","[[-9999999999,-100000,[1,2]],[-99999,-10000,[1,2,3,4,5]],[10000,99999,[3,4,5,6,7,8]],[100000,9999999999,[7,8]]]"
#夺宝,,
treasure_hunt_type_list,"决定当前时间夺宝类型[[年月（前四位年后两位月）,类型],…]","[[202105,1],[202106,2],[202107,1],[202108,2],[202109,1],[202110,2],[202111,1],[202112,2]]"
# 退款玩家再充值的邮件编号,,
charge_after_refused,退款玩家再充值的邮件编号,30001
trade_after_refused,退款玩家发起回收,30002
#图鉴召唤,,
card_summon_once_cost_list,"图鉴召唤单次消耗[物品id,数量]","[4,100]"
card_summon_tentimes_cost_list,"图鉴召唤十连消耗[物品id,数量]","[4,1000]"
card_summon_once_list,"图鉴召唤单抽列表[低级卡池,高级卡池,高级卡池次数下限,高级卡池次数上限]","[2,3,7,14]"
card_summon_tentimes_list,"图鉴召唤十连列表[低级卡池,高级卡池,高级卡池次数下限,高级卡池次数上限]","[2,3,10,10]"
card_summon_show_list,图鉴召唤主界面图片列表,"[1,2]"
card_summon_book_list,"图鉴召唤的召唤预览[[物品id,概率（万分比）],…]","[[9007,0],[8213,0],[8214,0],[8313,0],[8314,0],[8315,0],[8413,0],[8414,0],[8415,0],[8416,0],[8513,0],[8514,0],[8515,0],[8516,0],[8517,0],[8613,0],[8614,0],[8615,0],[8616,0],[8617,0],[8618,0],[9000,0],[9001,0],[9002,0],[9003,0],[9004,0],[9005,0],[9006,0],[8109,0],[8110,0],[8111,0],[8112,0],[8209,0],[8210,0],[8211,0],[8212,0],[8309,0],[8310,0],[8311,0],[8312,0],[8409,0],[8410,0],[8411,0],[8412,0],[8509,0],[8510,0],[8511,0],[8512,0],[8609,0],[8610,0],[8611,0],[8612,0],[8105,0],[8106,0],[8107,0],[8108,0],[8205,0],[8206,0],[8207,0],[8208,0],[8305,0],[8306,0],[8307,0],[8308,0],[8405,0],[8406,0],[8407,0],[8408,0],[8505,0],[8506,0],[8507,0],[8508,0],[8605,0],[8606,0],[8607,0],[8608,0],[8101,0],[8102,0],[8103,0],[8104,0],[8201,0],[8202,0],[8203,0],[8204,0],[8301,0],[8302,0],[8303,0],[8304,0],[8401,0],[8402,0],[8403,0],[8404,0],[8501,0],[8502,0],[8503,0],[8504,0],[8601,0],[8602,0],[8603,0],[8604,0]]"
#出现导航球点击控制区域,,
map_touch_valid_x,点击区域x坐标,200
map_touch_valid_y,点击区域y坐标,200
# 1V1 猜一猜新的时间条件,,
guess_mission_round_time,每轮战斗时间,15000
guess_mission_stand_time,每轮战斗等待时间,10000
guess_mission_bet_time,每轮战斗投注时间,12000
guess_mission_opening_show,每轮战斗播放动画的时间,5000
guess_mission_birth_effect,每轮战斗boss出生特效时长,5000
guess_mission_victory_animation,boss获胜动画时长,5000
#,,
#摇杆区域范围,,
#,,
map_touch_valid_pos,配置摇杆区域范围,"[300,300]"
#,,
#,,
#投资计划,,
tou_zi_ji_hua,投资计划充值ID对应投资计划类型[[充值ID，投资计划类型ID]],"[[100001,1],[101,1],[100201,1]]"
#,,
#,,
#炸弹怪AI,,
zhadan_kuang_bao,"被攻击1下后，若3秒内再承受3下攻击则触发[秒数,刀数]","[3,4]"
zhadan_leng_que_time,狂暴模式冷却时间1S,1
zhadan_jian_ge_time,每1S会留下炸弹陷阱,1
zhadan_yin_bao_time,炸弹陷阱会在3S后引爆,3
zhadan_chi_xu_time,狂暴模式持续时间10S,10
#,,
#,,
#测试服高级号,,
gao_ji_hao,"测试服高级号[[道具ID,数量],[道具ID,数量]...]","[[[11,500000000],[2,100000000],[4,100000000]]]"
#,,
#减少眩晕,,
dizzy_time_reduce_list,"减少眩晕参数[协议间隔ms,每条协议最高点击次数,每次点击减少时间ms]","[100,1,1000]"
#,,
#boss来袭震屏,,
boss_appear_shake_screen,boss来袭震动屏幕[时间ms，震动像素],"[50,1800]"
#,,
#,,
#前期新手引导配置数据,,
#公共数据,,
guide_init_dialog_game,新手第一次进主城剧情对话,1000
guide_init_dialog_create,创角之前，开启剧情对话，对话完成创建角色,2001
guide_init_dialog_create_close,创建角色成功，剧情对话，弹出欢迎页面,2002
guide_init_dialog_welcome,欢迎页面关闭，开启剧情对话,1003
guide_init_dialog_world_tree,第一次引导世界树，领取奖励完，开启剧情对话,1005
guide_init_dialog_xinshou,新手场景击杀第二只怪弹出对话,999
guide_init_dialog_yind,引导完成，在第一个场景对话,1020
guide_init_receive_gold,引导期间：初始送玩家的金币,100
guide_end_role_lv,引导结束后玩家等级,1
#,,
#第一步,,
guide_1_post,玩家需要移动到的位置,"[1200,800]"
guide_1_monster,第一只怪的id,101
guide_1_monster_attack_count,第一只怪攻击次数,3
guide_1_monster_receive,第一只怪死亡获得的金币,40
#,,
#第二步,,
guide_2_monster,第二只怪的id,102
guide_2_monster_attack_count,第二只怪攻击次数,2
guide_2_monster_receive,第二只怪死亡获得的金币,200
#,,
#击飞参数,,
knock_fly_list,"击飞参数[向上时间ms,向下时间ms,高度像素]","[650,650,200]"
#,,
#,,
#击退移动时间,,
repel_time,击退移动时间（毫秒）,100
#,,
#匹配场结算奖励时间,,
settle_accounts,匹配场结算时间,"[18,0,0]"
#,,
#每日积分宝箱奖励,,
nteral_chest,每日任务积分宝箱奖励,"[[30,70001],[60,70002],[100,70003],[150,70004],[200,70005]]"
#VIP功能免费时间（自动战斗等）,,
vip_function_free_time,VIP功能免费时间（自动战斗等）【单位秒】,86400
#直购等级,,
level_zhigou_list,"直购等级 [目标等级,谷歌档位,苹果档位,第三方]","[[20,31,40201,10011],[40,32,40202,10012]]"
#匹配场结算退出时间,,
settle_secede,匹配场结算退出时间（毫秒）,5000
#成长之路 入口气泡等级限制,,
upgrade_entrance_lv,多少等级之后不显示,5
#,,
#自定义房间,,
custonmize_reward_item_id,自定义房间奖励物品id,52
custonmize_reward,自定义房间奖励,"[75,20,3,0]"
custonmize_parameter,自定义房间参数（对局时间，实际倒计时，客户端倒计时数字，子弹数量，转换成的物品id，场景id）,"[210000,6000,4,10000000,54,5004]"
custonmize_min_cost,自定义房间最低消耗,1000
custonmize_most,自定义房间最高消耗,999999999
custonmize_recruit,招募cd（毫秒）,30000
#,,
#悬赏任务,,
money_reward_task,悬赏任务数量,3
money_reward_renovate,悬赏任务刷新消耗钻石数量,"[4,5]"
money_reward_type,"悬赏任务类型按完成任务数范围区分（完成任务数最低，完成任务数最高,任务id最低，任务id最高）","[[0,2,[1,112]],[3,7,[1,205]],[8,13,[77,310]],[14,19,[206,427]],[20,26,[391,625]],[27,31,[416,742]],[32,40,[706,940]],[41,0,[743,1045]]]"
money_reward_cd,悬赏任务刷新cd,5000
number_of_times,免费刷新次数,1
number_times,可接受次数,3
#,,
#赠送,,
ruby_giveaway_number,赠送物品id,"[52]"
giveaway_limit_have_list,"赠送限制-拥有多少，[物品id,拥有限制]","[[52,10000]]"
giveaway_limit_unit_list,"赠送限制-赠送单位(填100,只能送100，200…不能送101）","[[52,100]]"
giveaway_limit_min_list,赠送限制-赠送最低限制,"[[52,1000]]"
#,,
#绑定手机号,,
bind_phone_reward_list,绑定手机号奖励,"[[2,100000],[201,10],[202,10]]"
bind_phone_auth_code_time,点击获取获取验证码等待时间（s）,90
bind_phone_auth_code_valid_time,验证码有效时间（s）,600
bind_phone_not_message,获取几条验证码未使用不发送短信,3
bind_phone_unused_auth_code_time,未使用验证码等待时间（s）,7200
#,,
#,,
#客服气泡提示,,
service_bubble_open_lvl,客服气泡文本提示开启等级,3
#,,
#,,
#自动打开1v1 界面,,
auto_open_ui_1v1,玩家等级提升｛x｝级后自动打开1v1界面,90
#,,
#,,
#1v1排行榜奖励发放时间,,
rank_mail_time,#1v1排行榜奖励结算时间,"[20,0,0]"
#,,
#,,
#拉霸修正,,
laba_state,【拉霸奖池】大亏大赚判定[ [下限值，上限值，大盘状态] ... ]（1：大赚；2：小赚；3：小亏；4：大亏；5：平）,"[[11000,1000000000,1],[10100,10999,2],[8901,10000,3],[-1000000000,8900,4],[10001,10099,5]]"
laba_result,【拉霸奖池】三种结果出现权重[大亏大赚状态，[freegame，中，不中]],"[[1,[250,9750,0]],[2,[100,9900,0]],[3,[5,8000,1995]],[4,[1,7000,2999]],[5,[40,9960,0]]]"
laba_baodi,"【拉霸修正】多次未中垃圾胡保底[未中次数,保底垃圾胡概率,[垃圾胡图形idlist]]","[[0,2000,[1,1,1,1,2,2,3]],[1,4000,[1,1,1,1,2,2,2,3,3,4]],[2,3000,[1,1,1,2,2,2,2,3,3,4,4]],[3,2000,[2,2,2,2,3,3,3,4,4,5]],[4,1000,[2,2,3,3,3,3,4,4,4,5,5]],[5,1000,[3,3,4,4,4,5,5,5,6,6]],[6,1000,[3,4,4,4,4,5,5,5,6,6,7]],[7,1500,[1,2,3,4,5,6,7,8]],[8,2500,[1,2,3,4,5,6,7,8,9]],[9,3500,[1,2,3,4,5,6,7,8,9]],[10,4000,[1,2,3,4,5,6,7,8,9]],[11,5000,[2,3,4,5,6,7,8,9]],[12,6000,[3,4,5,6,7,8,9]],[13,7000,[4,5,6,7,8,9]],[14,8000,[5,6,7,8,9]],[15,9000,[6,7,8,9]],[16,10000,[7,8,9]]]"
laba_freegamenumber,【拉霸修正】freegame结果时，freegame图标出现个数[个数，权重],"[[3,8500],[4,1000],[5,500]]"
laba_freegamemultiplemax,"【拉霸修正】freegame最多获得倍数 [大盘状态，[[概率组权重，[本次freegame奖励倍率下限，上限]],第二组…]]","[[1,[[[3000000,4000000],100],[[2000000,3500000],50],[[900000,1200000],2850],[[800000,1000000],2000],[[70000,900000],4000],[[500000,800000],500],[[50000,700000],500]]],[2,[[[3000000,4000000],100],[[2000000,3500000],50],[[900000,1200000],2850],[[800000,1000000],2000],[[70000,900000],4000],[[500000,800000],500],[[50000,700000],500]]],[5,[[[3000000,4000000],100],[[2000000,3500000],50],[[900000,1200000],2850],[[800000,1000000],2000],[[70000,900000],4000],[[500000,800000],500],[[50000,700000],500]]],[3,[[[3000000,4000000],30],[[2000000,3500000],10],[[900000,1200000],2960],[[800000,1000000],2000],[[70000,900000],4000],[[500000,800000],500],[[50000,700000],500]]],[4,[[[3000000,4000000],10],[[2000000,3500000],3],[[900000,1200000],2987],[[800000,1000000],2000],[[70000,900000],4000],[[500000,800000],500],[[50000,700000],500]]]]"
laba_freegameaward,"【拉霸修正】freegame每次中奖概率[大盘状态,中奖概率]","[[1,5000],[2,5000],[3,5000],[4,5000],[5,5000]]"
laba_presetline,"【拉霸修正】freegame预埋线等级[[倍率下限,倍率上限],对应预埋线等级]","[[0,100000,24],[100001,500000,23],[500001,1000000,25],[1000001,5000000,22],[5000001,0,21]]"
laba2_result,【拉霸奖池】三种结果出现权重[大亏大赚状态，[freegame，真随机，不中]],"[[1,[250,9750,0]],[2,[100,9900,0]],[3,[5,8000,1995]],[4,[1,7000,2999]],[5,[40,9960,0]]]"
laba2_baodi,"【拉霸修正】多次未中垃圾胡保底[未中次数,保底垃圾胡概率,[垃圾胡图形idlist]]","[[0,2000,[1,1,1,1,2,2,3]],[1,4000,[1,1,1,1,2,2,2,3,3,4]],[2,3000,[1,1,1,2,2,2,2,3,3,4,4]],[3,2000,[2,2,2,2,3,3,3,4,4,5]],[4,1000,[2,2,3,3,3,3,4,4,4,5,5]],[5,1000,[3,3,4,4,4,5,5,5,6,6]],[6,1000,[3,4,4,4,4,5,5,5,6,6,7]],[7,1500,[1,2,3,4,5,6,7,8]],[8,2500,[1,2,3,4,5,6,7,8,9]],[9,3500,[1,2,3,4,5,6,7,8,9]],[10,4000,[1,2,3,4,5,6,7,8,9]],[11,5000,[2,3,4,5,6,7,8,9]],[12,6000,[3,4,5,6,7,8,9]],[13,7000,[4,5,6,7,8,9]],[14,8000,[5,6,7,8,9]],[15,9000,[6,7,8,9]],[16,10000,[7,8,9]]]"
laba2_freegamenumber,【拉霸修正】freegame结果时，连接freegame图标的权重[三连权重，四连，五连],"[[3,8500],[4,1000],[5,500]]"
laba2_freegamemultiplemax,"【拉霸修正】freegame最多获得倍数 [大盘状态，[[概率组权重，[本次freegame奖励倍率下限，上限]],第二组…]]","[[1,[[[3000000,4000000],100],[[2000000,3500000],50],[[900000,1200000],2850],[[800000,1000000],2000],[[70000,900000],4000],[[500000,800000],500],[[50000,700000],500]]],[2,[[[3000000,4000000],100],[[2000000,3500000],50],[[900000,1200000],2850],[[800000,1000000],2000],[[70000,900000],4000],[[500000,800000],500],[[50000,700000],500]]],[5,[[[3000000,4000000],100],[[2000000,3500000],50],[[900000,1200000],2850],[[800000,1000000],2000],[[70000,900000],4000],[[500000,800000],500],[[50000,700000],500]]],[3,[[[3000000,4000000],30],[[2000000,3500000],10],[[900000,1200000],2960],[[800000,1000000],2000],[[70000,900000],4000],[[500000,800000],500],[[50000,700000],500]]],[4,[[[3000000,4000000],10],[[2000000,3500000],3],[[900000,1200000],2987],[[800000,1000000],2000],[[70000,900000],4000],[[500000,800000],500],[[50000,700000],500]]]]"
laba2_freegameaward,"【拉霸修正】freegame每次中奖概率[大盘状态,中奖概率]","[[1,5000],[2,5000],[3,5000],[4,5000],[5,5000]]"
laba2_presetline,"【拉霸修正】freegame预埋线等级[[倍率下限,倍率上限],对应预埋线等级]","[[0,100000,34],[100001,500000,33],[500001,1000000,35],[1000001,5000000,32],[5000001,0,31]]"
#,,
#,,
#1v1特效,,
ranke_crisis,进度条达到35%时，闪烁红光，进度条达到25%且时间就剩30秒出现四周红光,"[35,[25,30]]"
#世界树,,
worldtree_clickcount,【世界树】点击次数上限,20
worldtree_point,【世界树】舞台坐标,"[570,185]"
worldtree_reward,【世界树】奖励,"[[2,50000]]"
#飞禽走兽,,
big_wheel_time,飞禽走兽一局总时长(秒),40
big_wheel_xiazhu_time,"飞禽走兽下注时长,共分为下注阶段(VS 开始特效 下注)/结算阶段(转盘，结算弹框)",28
big_wheel_time_2,奔驰宝马一局总时长(秒),40
big_wheel_xiazhu_time_2,"奔驰宝马下注时长,共分为下注阶段(VS 开始特效 下注)/结算阶段(转盘，结算弹框)",28
big_wheel_xunhang_time_1,【客户端表现】飞禽走兽巡航间隔时间ms,10
big_wheel_xunhang_round_1,【客户端表现】飞禽走兽巡航圈数列表,"[2,3,4,3,4,5]"
big_wheel_qidong_time_1,【客户端表现】飞禽走兽启动时间列表ms,"[[300,200,138,99,76,58,45,34,27,20,16,12],[300,189,123,83,60,44,32,23,17,12],[300,213,156,119,97,79,65,53,44,36,29,24,20,16,13,11]]"
big_wheel_jieshu_time_1,【客户端表现】飞禽走兽停止时间列表ms,"[[12,16,20,27,34,45,58,76,99,138,200,450,600,750]]"
#个性签名,,
player_signature_max,个性签名长度限制,20
#客户端表现参数跳转,,
show_laba2_time_1,第二个拉霸每一列3格子的时间(ms),"[350,360,370,380,390]"
show_laba2_time_2,转多久下发开始停(ms),"[3000,5000]"
#飞船,,
spacecraft_speed,飞船速度（横穿整个主城的时间）毫秒,180000
spacecraft_y,飞船y位置,50
